misc/nupdates,misc/total_timesteps,fps,eprewmean,loss/policy_entropy,loss/policy_loss,loss/value_loss
20,10080,37,-19.82793011,1.4187245965003967,-0.0006648764014244079,35.17474555969238
40,19680,37,-18.56786718,1.4193111658096313,-0.008167879932443611,2.9664256811141967
60,29280,37,-17.662361530000002,1.4187730550765991,-0.0046654436737298965,7.366670143604279
80,38880,37,-16.54145727,1.4185507774353028,-0.0016619237139821053,4.931942248344422
100,48480,37,-18.15157728,1.4181422352790833,-0.004225080274045468,4.190176558494568
120,58080,37,-17.96744803,1.417497956752777,-0.0006999142467975616,1.366517224907875
140,67680,37,-16.55526665,1.416838574409485,-0.005585391633212566,7.624576234817505
160,77280,37,-17.10037506,1.4165114283561706,0.001980054657906294,9.277747964859008
180,86880,37,-16.59467353,1.4157110929489136,-0.0012365123257040977,1.3683919668197633
200,96480,37,-17.11768782,1.4146088361740112,0.0012460339814424515,9.368133729696273
220,106080,37,-16.841293200000003,1.4140188097953796,-0.0035921625792980196,5.408417749404907
240,115680,37,-15.231068279999999,1.4130871176719666,0.0023852664977312087,5.520512920618057
260,125280,37,-15.056662390000001,1.4117045402526855,0.006489187572151422,3.7838602870702744
280,134880,37,-15.668306909999997,1.4111055850982666,0.0007675986737012864,12.049152731895447
300,144480,37,-14.739446860000003,1.4099698305130004,-0.0015148649457842112,7.714929723739624
320,154080,37,-14.181762639999999,1.4094896078109742,0.0033867618069052694,6.510271692276001
340,163680,37,-15.18820998,1.4094072103500366,-0.00446237251162529,3.336765170097351
360,173280,37,-15.416722349999997,1.4085906624794007,-0.008367306087166071,3.007601556181908
380,182880,37,-12.98074222,1.4087759137153626,-0.0027343665715306997,1.2006819665431976
400,192480,37,-14.173738789999998,1.4084253668785096,-0.0018742065876722336,1.4116955935955047
420,202080,37,-12.85055542,1.4083808302879333,0.0018411939730867744,4.283842092752456
440,211680,37,-13.17698529,1.4062726020812988,-0.0011150620877742768,7.498689985275268
460,221280,37,-12.695919620000002,1.4058951139450073,0.0014833316672593355,1.1970462024211883
480,230880,37,-13.681172689999997,1.4048211455345154,-0.0008413244038820266,3.6004824221134184
500,240480,37,-13.62494209,1.4053495287895204,0.0008521324954926968,2.727937364578247
520,250080,37,-14.16581578,1.4059666752815247,-0.005000350624322891,5.076558642089367
540,259680,37,-14.37950354,1.405922496318817,-0.005298358574509621,6.283209574222565
560,269280,37,-11.988504410000001,1.4072360157966615,-0.008224261668510735,1.2628395885229111
580,278880,37,-12.512756790000001,1.4066662430763244,0.003167303465306759,8.02587857246399
600,288480,37,-13.31601764,1.4073493123054504,-0.0015118257142603397,2.53476704955101
620,298080,37,-12.232995139999998,1.4060364484786987,0.0029621869325637817,4.066918838024139
640,307680,36,-14.404125880000006,1.4056769132614135,-0.005826883018016815,8.79636571407318
660,317280,36,-11.15797793,1.4050403356552124,-0.003353702276945114,1.281740963459015
680,326880,36,-12.44631801,1.4058246850967406,0.00045616216957569124,16.70612828731537
700,336480,36,-12.198042550000002,1.4053705930709839,0.0013487942516803742,6.074782887101174
720,346080,36,-13.056195390000001,1.405049479007721,0.0016405413392931224,8.112344026565552
740,355680,36,-13.978880949999997,1.405154287815094,-0.0010705359280109405,18.090087294578552
760,365280,36,-12.83788227,1.4041946053504943,-0.0006274238228797912,3.8831755429506303
780,374880,36,-11.564933610000002,1.4035642623901368,-0.000394260510802269,2.346413278579712
800,384480,36,-14.05744078,1.402751612663269,-0.0012167643755674363,4.623223447799683
820,394080,36,-12.59722283,1.4035791039466858,-0.0031963510671630503,5.374240739643573
840,403680,36,-13.353780690000002,1.4035423398017883,-0.002417054772377014,4.367666536569596
860,413280,36,-12.812606580000004,1.4040662050247192,-0.0014254476875066758,3.334276556968689
880,422880,36,-11.266200399999997,1.4044517278671265,-0.00039368197321891784,7.612273496389389
900,432480,36,-14.0951613,1.403850221633911,-0.000186660373583436,11.07929470539093
920,442080,36,-15.049800830000002,1.4025432467460632,0.009293182939291,4.5748549699783325
940,451680,36,-12.13388468,1.4021729230880737,0.0022510812152177094,1.6072062812745571
960,461280,36,-14.01610151,1.4025651574134828,0.01108200616436079,8.354416859149932
980,470880,36,-15.0652203,1.4028691530227662,0.004876347817480564,6.307368791103363
1000,480480,36,-13.319263350000002,1.4039076328277589,-0.0006146451458334922,5.744330751895904
1020,490080,36,-11.847746999999996,1.403660774230957,-0.009135916084051132,9.239214152097702
1040,499680,36,-14.612206959999998,1.4028498768806457,-0.0006126403342932463,8.251114106178283
1060,509280,36,-12.220468720000001,1.402663779258728,-0.0036284271394833923,1.7118373215198517
1080,518880,36,-12.53411154,1.4028905987739564,0.0009161069989204407,2.7111321687698364
1100,528480,36,-12.074647419999998,1.402583694458008,0.003859502077102661,2.6325232937932013
1120,538080,36,-11.555865220000001,1.4021076202392577,-0.00022875592112541198,1.7995171695947647
1140,547680,36,-12.085911059999999,1.401923453807831,0.0015863083302974702,4.581374871730804
1160,557280,36,-10.87456155,1.4013660669326782,-0.0028775253100320696,2.4510585486888887
1180,566880,36,-11.464059719999998,1.4023025751113891,0.004722703620791436,4.1942215919494625
1200,576480,36,-12.85293471,1.4023635745048524,0.0032035232288762927,2.6822908028960226
1220,586080,36,-13.339985760000001,1.4022804021835327,-0.002182345651090145,5.113322377204895
1240,595680,36,-14.580617980000001,1.402705430984497,-0.0049927794141694905,7.213003778457642
1260,605280,36,-11.604120389999999,1.4026537656784057,0.005011645704507827,4.3073141276836395
1280,614880,36,-12.050527899999999,1.4033053994178772,-0.000662796851247549,12.62578706741333
1300,624480,36,-14.52431131,1.4039637088775634,-0.00026326999068260193,7.338193857669831
1320,634080,36,-13.40313727,1.4043209552764893,0.0008002083748579025,5.960754835605622
1340,643680,36,-14.008376959999998,1.4046696305274964,0.0003770526498556137,8.444492888450622
1360,653280,36,-14.887290659999998,1.4046560883522035,0.011048011016100645,6.412028956413269
1380,662880,36,-14.51301015,1.4034201622009277,-0.002246113121509552,8.186370801925658
1400,672480,36,-13.028278149999998,1.4034813046455383,0.0024420998059213163,1.8347522258758544
1420,682080,36,-12.592438049999998,1.4033696889877318,-0.001404082402586937,17.50003077983856
1440,691680,36,-14.999105279999998,1.4030935883522033,0.009854164160788059,3.606509208679199
1460,701280,36,-12.27538344,1.4028250694274902,-0.004012890532612801,4.122707974910736
1480,710880,36,-12.145402489999997,1.4027031540870667,-0.00243443101644516,4.366628646850586
1500,720480,36,-14.350090599999998,1.402251935005188,-0.004280278319492936,2.6217159628868103
1520,730080,36,-13.72215462,1.4029393196105957,0.00013565756380558015,1.1095962464809417
1540,739680,36,-13.716657009999997,1.4035233855247498,-0.009195798635482788,12.078625071048737
1560,749280,36,-11.58737256,1.4031822681427002,0.002832399681210518,3.798571825027466
1580,758880,36,-14.07032294,1.4025605201721192,-5.391612648963928e-05,12.290040934085846
1600,768480,36,-14.678786819999997,1.4037221193313598,-0.0036124438047409058,8.578819599747657
1620,778080,36,-12.588662750000001,1.4035866975784301,-0.005720090493559838,0.4293946370482445
1640,787680,36,-14.093712130000004,1.4043214201927186,-0.001591602712869644,8.947156059741975
1660,797280,36,-12.810314970000002,1.4045952916145326,-0.0008366714231669903,2.5936967015266417
1680,806880,36,-13.690432899999998,1.4051379442214966,0.0014935709536075593,3.167976808547974
1700,816480,36,-13.620393179999999,1.4038023948669434,-0.0009044323116540909,4.6847713708877565
1720,826080,36,-11.253045850000003,1.4038214206695556,-0.0022660048212856053,2.7668559432029722
1740,835680,36,-12.629739309999998,1.404381513595581,0.00018504336476325988,3.529189299046993
1760,845280,36,-12.852748269999998,1.4050985336303712,-7.998719811439515e-05,1.7581333577632905
1780,854880,36,-11.57728803,1.4044905185699463,0.0009367875754833221,15.805877685546875
1800,864480,36,-12.366646729999998,1.4039535522460938,-0.0010854408144950866,7.778559523820877
1820,874080,36,-13.13838657,1.4037199854850768,0.0009266596287488937,2.981696629524231
1840,883680,36,-11.927807690000002,1.4027830958366394,-0.005608395114541054,3.700085997581482
1860,893280,36,-12.868099819999998,1.4038234949111938,-0.0034202046692371367,0.689987912774086
1880,902880,36,-13.33686448,1.4042778730392456,-0.003591839410364628,1.912739771604538
1900,912480,36,-12.070687869999999,1.4044671058654785,0.0017252914607524873,1.7709184989333153
1920,922080,36,-13.28574029,1.4047191381454467,0.002019755926448852,8.975451326370239
1940,931680,36,-13.72646728,1.4050902009010315,0.009127272479236125,3.796820116043091
1960,941280,36,-13.31397252,1.404803490638733,0.006944376602768898,4.571365940570831
1980,950880,36,-14.811479030000001,1.4062201261520386,0.004595068842172622,3.3192479640245436
2000,960480,36,-11.702400569999998,1.40669903755188,-0.0013609712943434716,6.155808281898499
2020,970080,36,-13.325341479999999,1.4066380739212037,0.0016675662249326707,4.396230427920818
2040,979680,36,-14.4854178,1.4069823026657104,-0.0005577635020017624,1.0925377041101456
2060,989280,36,-11.94033136,1.406967008113861,0.00044158659875392914,2.5319257020950316
2080,998880,36,-11.684849599999996,1.4082637906074524,0.0007352262735366821,5.477382719516754
2100,1008480,36,-12.374959790000002,1.4077534317970275,0.004076040629297495,1.789827924966812
2120,1018080,36,-14.589347,1.4071978211402894,0.002368810772895813,1.5290021538734435
2140,1027680,36,-12.47188201,1.407098913192749,-0.0025660984218120577,6.5568843126297
2160,1037280,36,-12.779961929999999,1.4069293856620788,-0.0024339526891708372,1.0547331333160401
2180,1046880,36,-11.73313092,1.4065927028656007,0.006095634866505861,2.6214435577392576
2200,1056480,36,-10.48433442,1.4063156843185425,0.0025561213493347167,3.0837355673313143
2220,1066080,36,-11.83745537,1.4055423974990844,-0.00032559488900005815,6.081195437908173
2240,1075680,36,-13.422485050000002,1.4050677299499512,-0.00028419457376003263,5.785942339897156
2260,1085280,36,-11.5283091,1.404464590549469,0.0012053539976477623,1.2346966087818145
2280,1094880,36,-10.92090566,1.4045015096664428,-0.004915297217667103,1.5549103260040282
2300,1104480,36,-10.591436429999996,1.4050135970115663,-0.0025660062208771707,0.27333745211362837
2320,1114080,36,-12.187936009999998,1.4045665860176086,0.0007306806743144989,5.145535591244697
2340,1123680,36,-9.163357880000001,1.4044537782669066,-0.001251686259638518,0.7239865995943546
2360,1133280,36,-12.304311290000003,1.405615746974945,-0.0012382805347442628,2.851594310998917
2380,1142880,36,-14.469537540000001,1.4049940228462219,0.003238953649997711,2.6055342972278597
2400,1152480,36,-11.959392359999997,1.4058137774467467,-0.0058764412999153135,0.28775045461952686
2420,1162080,36,-12.49376872,1.4061809420585631,-0.0020902266725897787,8.88801691532135
2440,1171680,36,-13.778526320000003,1.4064115047454835,0.0036572858691215513,1.4043438017368317
2460,1181280,36,-13.818464470000002,1.4052405118942262,0.0007028602063655853,1.0999214380979538
2480,1190880,36,-12.32570389,1.4040680170059203,-0.0008130687368975486,0.5783561572432518
2500,1200480,36,-13.14437803,1.4050227046012878,0.00073699951171875,1.3057944655418396
2520,1210080,36,-11.022694,1.404123890399933,0.0007804734632372856,1.429543587565422
2540,1219680,36,-11.199154919999998,1.403623068332672,0.0012501802295446396,6.314698159694672
2560,1229280,36,-12.024711190000003,1.4027344942092896,-0.0019304662942886352,1.5971929848194122
2580,1238880,36,-12.47143373,1.4037511706352235,0.0029266660567373037,1.1840291172266006
2600,1248480,36,-13.3573862,1.4048648118972777,0.0027806632220745086,0.14987791180610657
2620,1258080,36,-13.752049970000003,1.4058954477310182,-0.0015827239491045474,0.979202288389206
2640,1267680,36,-11.93001915,1.4061748027801513,0.0017975986003875733,4.670927703380585
2660,1277280,36,-9.53861683,1.4065559267997743,-0.001974756270647049,0.6226088270545006
2680,1286880,36,-14.012740630000001,1.4075749039649963,0.001510781329125166,1.726646113395691
2700,1296480,36,-13.827817669999996,1.407873260974884,-0.009530402719974518,3.1883847899734974
2720,1306080,36,-12.91601511,1.4083086848258972,0.002965814620256424,0.44703772142529485
2740,1315680,36,-11.3410234,1.4097537517547607,-0.0015558860613964498,1.6742477774620057
2760,1325280,36,-10.70782093,1.4097368359565734,-0.0015959759708493947,8.674483633041381
2780,1334880,36,-13.573494859999998,1.4100121974945068,0.001571350358426571,4.03228000998497
2800,1344480,36,-12.960797610000002,1.4098810315132142,0.001714065670967102,1.1889481022953987
2820,1354080,36,-12.008284920000001,1.4114642143249512,0.00042944662272930144,1.897096684575081
2840,1363680,36,-13.15753487,1.411589753627777,-0.002150378143414855,1.8307488590478898
2860,1373280,36,-13.4186305,1.4122908234596252,-0.003292693570256233,8.426518511772155
2880,1382880,36,-13.733325590000002,1.4114877462387085,0.0005384563934057951,3.066903957724571
2900,1392480,36,-9.5274665,1.4118252873420716,-0.001744505763053894,7.55957863330841
2920,1402080,36,-12.128190690000002,1.412899947166443,-0.0026509243994951247,1.7674542963504791
2940,1411680,36,-11.485664519999995,1.4134255528450013,-0.004831141955219209,11.503962044417857
2960,1421280,36,-10.6723921,1.4131890177726745,-0.006403800006955862,0.2505478963255882
2980,1430880,36,-11.71243289,1.4125755906105042,-0.0033475462347269057,9.406720876693726
3000,1440480,36,-10.56479249,1.413337779045105,-0.0011248894035816193,1.4921292185783386
3020,1450080,36,-14.8157818,1.4136930704116821,0.0021315967664122582,2.761208486557007
3040,1459680,36,-13.610601859999997,1.4131948471069335,-0.002347225695848465,15.50188182592392
3060,1469280,36,-11.123598389999994,1.4138017773628235,-0.0033354321494698524,1.4464160621166229
3080,1478880,36,-12.936155540000005,1.4136003732681275,0.0001208145171403885,4.020083260536194
3100,1488480,36,-11.23528766,1.4129903435707092,-0.009868333116173744,3.0257131099700927
3120,1498080,36,-11.663868030000001,1.4120643258094787,-0.009508934058248996,7.1074670314788815
3140,1507680,36,-14.267436039999998,1.4116581797599792,-0.0029440175741910933,0.9641174376010895
3160,1517280,36,-11.118486299999999,1.4116934299468995,0.003277180716395378,4.315302208811045
3180,1526880,36,-12.441289489999999,1.4104520797729492,-0.0014130596071481704,8.1178649187088
3200,1536480,36,-10.72498141,1.4089386582374572,0.0018504925072193145,2.806310062110424
3220,1546080,36,-12.896590819999998,1.4082762122154235,-0.003050116077065468,0.5583823002874851
3240,1555680,36,-14.179073659999998,1.4088322520256042,-0.0014079581946134568,4.1603588663041595
3260,1565280,36,-9.944246280000002,1.4075605511665343,0.0006484167650341987,1.8749439537525177
3280,1574880,36,-11.795129699999997,1.4064066767692567,-0.004414447396993637,0.1916291058063507
3300,1584480,36,-13.649789070000002,1.40691419839859,0.0025757964700460433,1.8736419714987278
3320,1594080,36,-12.349373140000003,1.4060687661170959,-0.0018461525440216064,1.3953120961785317
3340,1603680,36,-10.4447014,1.4047828316688538,0.0037356048822402956,1.06527978181839
3360,1613280,36,-12.25976407,1.4053494811058045,0.002381741045974195,1.4958681046962738
3380,1622880,36,-12.501352249999998,1.405578601360321,-0.00400705561041832,3.751462662220001
3400,1632480,36,-13.072583750000002,1.4057781457901002,0.002130892500281334,11.383256733417511
3420,1642080,36,-10.774316149999999,1.4051306605339051,0.004844585247337818,0.5302138224244117
3440,1651680,36,-11.92300642,1.4047183394432068,-0.003612574189901352,0.5717175811529159
3460,1661280,36,-13.442020130000001,1.4036104917526244,0.010123701847624034,0.16422300077974797
3480,1670880,36,-12.996343109999998,1.4049025774002075,-0.0015014983713626862,5.906863832473755
3500,1680480,36,-12.675951590000002,1.404428207874298,0.010152247175574303,5.766392382979393
3520,1690080,36,-10.777214649999998,1.4030128955841064,-0.0021646562963724136,0.5913180768489837
3540,1699680,36,-11.618417240000001,1.4027816295623778,-0.003967271279543638,6.058213706314564
3560,1709280,36,-12.79081596,1.402011239528656,-0.006700563803315162,0.18776272758841514
3580,1718880,36,-12.147526020000003,1.4032629132270813,-0.0028659379109740256,1.2782315760850906
3600,1728480,36,-11.496213830000002,1.4034312963485718,0.001157873310148716,3.389214336872101
3620,1738080,36,-12.54934008,1.4038751363754272,-0.00428631785325706,3.0176201701164245
3640,1747680,36,-12.250140570000001,1.4026289701461792,0.0015736594796180725,2.8920983195304872
3660,1757280,36,-11.63910051,1.4026901841163635,0.002101588435471058,5.15173202753067
3680,1766880,36,-12.208007189999998,1.4014769911766052,-0.0017861900851130486,2.4612279310822487
3700,1776480,36,-12.365848899999998,1.4013914346694947,-0.0015651196241378783,18.72347354143858
3720,1786080,36,-11.65269595,1.4012003302574159,0.008627336472272873,11.825526690483093
3740,1795680,36,-12.182077360000001,1.4007014513015748,0.007022135704755783,6.612391531467438
3760,1805280,36,-13.044946170000001,1.4011832356452942,-0.0016874663531780242,2.0698490679264068
3780,1814880,36,-11.420347670000002,1.4011287331581115,-0.00023775659501552583,3.722715911269188
3800,1824480,36,-11.35928709,1.400346004962921,0.005764363945490914,5.08637118935585
3820,1834080,36,-13.733841509999998,1.4000836133956909,-0.002407298982143402,13.35605800151825
3840,1843680,36,-12.46949502,1.4003310084342957,-0.0035384966991841792,2.7101387977600098
3860,1853280,36,-11.13388385,1.3995250344276429,-0.0004902826356556033,12.878257274627686
3880,1862880,36,-12.871317170000003,1.3999004006385802,-0.0005767887458205223,2.84903574436903
3900,1872480,36,-12.981670419999999,1.4001379609107971,-0.0020891040563583373,2.3126481041312217
3920,1882080,36,-13.680774319999998,1.4009056448936463,-0.0014049630612134934,0.23430336713790895
3940,1891680,36,-13.122198679999999,1.4023491978645324,0.004592508729547262,2.4044215619564056
3960,1901280,36,-12.133963959999999,1.4024972796440125,-0.001541949436068535,2.9896165043115617
3980,1910880,36,-12.006478680000003,1.4023688316345215,-0.0007281200960278511,1.4588537201285363
4000,1920480,36,-12.666597279999998,1.4012726664543151,-0.0001965649425983429,0.6941247791051864
4020,1930080,36,-8.72639671,1.401001501083374,0.0019446546211838722,0.8865210115909576
4040,1939680,36,-13.592999749999997,1.4019826412200929,-0.003707550885155797,2.871065455675125
4060,1949280,36,-11.68104168,1.402635109424591,-0.0019707776606082915,3.2064930856227876
4080,1958880,36,-12.63745326,1.4013506174087524,-0.0012435156852006913,6.431980311870575
4100,1968480,36,-12.891732079999999,1.402035617828369,0.0012767843902111054,2.3100190252065658
4120,1978080,36,-12.674934879999999,1.4013851881027222,-0.0014874063432216643,1.293723725900054
4140,1987680,36,-10.62807938,1.3999169707298278,-0.0025614671409130096,3.0702479809522627
4160,1997280,36,-11.763729779999998,1.3992877364158631,-0.0004045696929097176,5.182665681838989
4180,2006880,36,-10.136384770000001,1.3981844544410706,-0.0006466753780841828,0.6670701652765274
4200,2016480,36,-11.660267589999998,1.3980710625648498,-0.0014617543667554856,2.102259212732315
4220,2026080,36,-9.91621606,1.3986193418502808,-6.2141567468643185e-06,1.858182281255722
4240,2035680,36,-11.81718505,1.3993202805519105,9.10058617591858e-05,0.4370081290602684
4260,2045280,36,-11.610667450000001,1.3984582662582397,-0.0001088455319404602,2.08268980178982
4280,2054880,36,-12.21568833,1.3973817706108094,-0.004703927598893642,0.2652729284018278
4300,2064480,36,-14.133721320000001,1.3972813725471496,-0.0023256022483110427,5.4072261095047
4320,2074080,36,-13.10728009,1.3960170149803162,-0.005474927462637424,1.1806196808815002
4340,2083680,36,-12.274060729999999,1.39515380859375,0.0006332518998533488,3.1383860528469087
4360,2093280,36,-10.930949910000002,1.3965989828109742,-0.0032557552680373193,0.26062909662723543
4380,2102880,36,-10.700237589999999,1.3966083645820617,0.0011306896805763245,7.7616426855325695
4400,2112480,36,-11.679938799999997,1.3974302887916565,0.0033834636211395263,1.357504627108574
4420,2122080,36,-12.086905550000004,1.3972804427146912,0.0010899830609560012,0.7592054337263108
4440,2131680,36,-10.872909360000001,1.3971284747123718,-0.003219442442059517,0.9747459523379802
4460,2141280,36,-12.683354629999998,1.397361969947815,0.0027894824743270874,2.5838425278663637
4480,2150880,36,-12.121733120000002,1.3985417246818543,-0.0045949012041091915,0.8962478011846542
4500,2160480,36,-13.2693464,1.3986231327056884,0.005550084263086319,6.393352895975113
4520,2170080,36,-11.831923320000003,1.3992782235145569,0.004353731870651245,4.7562134832143785
4540,2179680,36,-12.405156209999998,1.3993914246559143,-0.0028096519410610197,4.612936463952065
4560,2189280,36,-12.389011190000002,1.398933470249176,-0.004801326803863049,3.324134799838066
4580,2198880,36,-12.888108169999999,1.3988721132278443,-0.004622108116745949,0.2951877411454916
4600,2208480,36,-12.619560120000001,1.3995005369186402,-0.0006818354129791259,1.8920925870537757
4620,2218080,36,-13.91631046,1.3976780772209167,-0.0011844977736473084,4.437712541222572
4640,2227680,36,-11.32455027,1.3973339915275573,-0.0007376269088126719,2.3583405278623104
4660,2237280,36,-11.633263079999999,1.3974866271018982,7.592886686325073e-05,3.0735308170318603
4680,2246880,36,-12.41023483,1.3973901391029357,-0.002943192608654499,1.5625521555542945
4700,2256480,36,-13.2897343,1.3981224656105042,0.00025413408875465395,10.936454510688781
4720,2266080,36,-10.894550900000002,1.3976963400840758,-0.006378214689902961,3.1577852070331573
4740,2275680,36,-9.30386172,1.397793209552765,-0.0013667747378349304,2.116429257392883
4760,2285280,36,-13.696839549999998,1.3975161910057068,-0.0014805730432271957,1.5958235442638398
4780,2294880,36,-12.359642959999999,1.397632122039795,-0.0006708286702632904,6.299904370307923
4800,2304480,36,-8.396101849999999,1.3973483085632323,-0.0004513562540523708,4.648458957672119
4820,2314080,36,-10.869741239999998,1.396994423866272,-0.004386733309365809,8.728239873051644
4840,2323680,36,-11.031818569999995,1.3961086750030518,0.0014526411890983582,1.840583050251007
4860,2333280,36,-12.4304067,1.3946258664131164,0.00189358564093709,2.844368702173233
4880,2342880,36,-12.645224409999999,1.3947763323783875,0.0013331309892237186,3.3363282572478057
4900,2352480,36,-10.48430335,1.3944325208663941,-0.003543026000261307,0.770554518699646
4920,2362080,36,-12.56244639,1.3941419005393982,-0.0008804205805063248,0.6156546473503113
4940,2371680,36,-12.791069819999997,1.3946938514709473,-0.002341251075267792,7.614734898507595
4960,2381280,36,-10.992831639999999,1.396913731098175,-0.0019559580832719803,0.714863446354866
4980,2390880,36,-14.686000589999999,1.396556806564331,-0.004512043669819832,9.081954449415207
5000,2400480,36,-13.48148089,1.3965206384658813,0.00024119243025779724,1.3643853515386581
5020,2410080,36,-10.28782878,1.3968745827674867,-0.0016440577805042268,3.2023090720176697
5040,2419680,36,-10.371898749999998,1.3955138325691223,-0.0033286431804299354,0.2613408725708723
5060,2429280,36,-12.281844249999999,1.3958960890769958,-0.0004701793193817139,5.162881398200989
5080,2438880,36,-12.837183340000001,1.3964093685150147,-0.0020087478682398797,1.1547543432563543
5100,2448480,36,-11.260969039999999,1.396117091178894,-0.0033129792660474776,1.184013520181179
5120,2458080,36,-12.57049855,1.3960360407829284,-0.004603149741888047,0.534060326218605
5140,2467680,36,-10.838093419999998,1.3967454314231873,0.00034778472036123276,2.4718233063817023
5160,2477280,36,-12.897126590000001,1.3961792945861817,-0.0019371241796761751,0.4346931278705597
5180,2486880,36,-12.569346990000001,1.3958561301231385,-0.00015679914504289626,0.9827120624482631
5200,2496480,36,-15.76284677,1.3953187584877014,-0.0008576864376664162,3.7315500676631927
5220,2506080,36,-14.078266269999999,1.3947872042655944,0.0004401877522468567,8.668068850040436
5240,2515680,36,-9.3639824,1.3940282702445983,0.0019532138481736182,6.891431212425232
5260,2525280,36,-8.79439242,1.3953331589698792,0.0075301479548215864,1.0823853015899658
5280,2534880,36,-11.485430430000001,1.3956792831420899,-0.0003358596935868263,4.105243265628815
5300,2544480,36,-12.38484163,1.3955319046974182,-0.00837650690227747,5.255712562799454
5320,2554080,36,-13.60259498,1.3951882719993591,-0.0022246785461902618,7.250552242994308
5340,2563680,36,-12.949766759999997,1.3950621247291566,-0.004969953373074531,2.4858452677726746
5360,2573280,36,-14.003853360000003,1.395054852962494,0.004409230686724186,11.930236840248108
5380,2582880,36,-13.03026284,1.3948166608810424,0.0004268333315849304,3.2822475492954255
5400,2592480,36,-14.31036583,1.3951953053474426,-0.004428444802761078,10.305092957615852
5420,2602080,36,-12.599742400000002,1.3945321083068847,-0.0008231219835579395,11.946284005045891
5440,2611680,36,-11.588551399999997,1.393734908103943,-0.005689150840044022,1.5285898357629777
5460,2621280,36,-10.03790631,1.3943946003913879,-0.008369228988885879,3.326068077608943
5480,2630880,36,-13.492695309999998,1.3940346837043762,-7.434374419972301e-05,1.7400676608085632
5500,2640480,36,-13.292857979999999,1.3945496678352356,0.001889643445611,10.248671761155128
5520,2650080,36,-12.071584909999999,1.3937678575515746,0.0006017459556460381,6.580650770664215
5540,2659680,36,-10.23985022,1.392773687839508,-0.0015866540372371674,6.169729846715927
5560,2669280,36,-12.468646150000001,1.391240906715393,0.0011328995227813722,4.608726108074189
5580,2678880,36,-11.755365469999997,1.389641320705414,0.00016281232237815856,4.945757627487183
5600,2688480,36,-13.123674470000001,1.3908216953277588,-0.00407702773809433,1.7263886265456676
5620,2698080,36,-14.12514461,1.3904234766960144,-0.002120877441484481,1.027337208390236
5640,2707680,36,-11.012308919999999,1.3911373376846314,0.0008651840500533581,4.08118971735239
5660,2717280,36,-12.662137379999999,1.391354012489319,0.003590926853939891,1.407152634859085
5680,2726880,36,-12.118445499999998,1.3886568069458007,0.001905009150505066,6.278133913129568
5700,2736480,36,-12.018235560000003,1.3875679969787598,-0.004030871763825416,2.0011254005134105
5720,2746080,36,-11.017798879999997,1.3879896640777587,0.00042311344295740125,2.8749968692660333
5740,2755680,36,-13.36858787,1.3868303537368774,-0.0020993074867874384,1.0180764377117157
5760,2765280,36,-10.321020089999998,1.385793149471283,-0.007490221745683812,4.018679205328226
5780,2774880,36,-10.36585957,1.3858660459518433,-0.002680525556206703,8.60786309838295
5800,2784480,36,-12.128702549999998,1.3863699436187744,-0.0013745266944169999,8.366399705410004
5820,2794080,36,-13.137187669999998,1.3871481776237489,0.002336938679218292,2.5284284129738808
5840,2803680,36,-11.40313298,1.3865196228027343,-0.00828211847692728,1.2317893922328949
5860,2813280,36,-11.492857359999999,1.3847698807716369,-0.005797973647713661,4.209293881058693
5880,2822880,36,-11.56656234,1.3832443714141847,-0.00595980491489172,3.55458083152771
5900,2832480,36,-11.017273250000002,1.3829972386360168,-0.0030247159593272954,6.591295642033219
5920,2842080,36,-11.70543194,1.3818248152732848,-0.0051307427696883675,2.319245082139969
5940,2851680,36,-13.82524702,1.3815866589546204,-0.000352589288377203,8.245341432094573
5960,2861280,36,-14.284496240000003,1.380862295627594,-0.0019303500652313233,3.279571455717087
5980,2870880,36,-9.602441599999999,1.3810574769973756,-0.0027967246482148767,4.724661540985108
6000,2880480,36,-12.394347949999998,1.3806602001190185,-0.0038234926760196686,3.0123895935714247
6020,2890080,36,-12.133724229999999,1.380339014530182,-0.002759182080626488,5.168882620334625
6040,2899680,36,-11.877765409999997,1.3805675148963927,-0.0029054044745862482,5.307862877845764
6060,2909280,36,-13.422285539999997,1.3805802941322327,0.0007321342825889587,6.201292431354522
6080,2918880,36,-12.836397330000002,1.3809954166412353,0.0002064792439341545,2.8298897564411165
6100,2928480,36,-11.281149659999997,1.3808824300765992,-0.004653927404433489,0.5740820959210395
6120,2938080,36,-10.30280575,1.381478500366211,-0.008486652374267578,2.599271720647812
6140,2947680,36,-9.23012646,1.3802236318588257,0.0014974875375628471,10.706634992361069
6160,2957280,36,-13.216967870000001,1.3810591340065002,-0.002674633264541626,11.664642576873302
6180,2966880,36,-12.3231144,1.3806462287902832,-0.0009311672300100326,7.685164368152618
6200,2976480,36,-11.80944998,1.380375325679779,0.0019820340909063815,11.06918807029724
6220,2986080,36,-13.023886910000003,1.3807775497436523,0.008725736837368459,13.357371520996093
6240,2995680,36,-12.658195410000003,1.3809698820114136,0.0012402621199726128,0.9426026403903961
6260,3005280,36,-12.62063215,1.3811128973960876,0.002373406593687832,8.615280663967132
6280,3014880,36,-11.12116849,1.3813312768936157,0.0012512117624282836,3.998603045940399
6300,3024480,36,-13.248985140000002,1.3815190553665162,-0.0028068087995052338,5.519521775841713
6320,3034080,36,-12.133688040000003,1.3813386797904967,-0.0008094616234302521,4.3448181569576265
6340,3043680,36,-12.375719110000002,1.380240797996521,0.0014689690433442593,6.5390935897827145
6360,3053280,36,-13.111422500000002,1.3814266920089722,0.006050876993685961,1.2586797043681144
6380,3062880,36,-12.291754750000003,1.380897307395935,0.0010292664170265197,9.926859974861145
6400,3072480,36,-12.647191679999999,1.3801546335220336,-0.002928448095917702,2.242050313949585
6420,3082080,36,-10.989214809999996,1.3800215601921082,-0.0030494809150695803,0.7540499478578567
6440,3091680,36,-12.00232301,1.3791011929512025,-0.0036330773495137692,2.828259801864624
6460,3101280,36,-12.839098459999997,1.3778396368026733,-0.004773413017392159,2.0371204033493995
6480,3110880,36,-11.250806520000001,1.3779422998428346,-0.0018693529069423675,2.594502977654338
6500,3120480,36,-12.77976183,1.3769648551940918,-0.0012591391801834106,6.1425423383712765
6520,3130080,36,-10.364769860000001,1.3765111088752746,-0.0029986210167407988,1.872073456645012
6540,3139680,36,-12.879626610000003,1.3758366107940674,-0.004070098698139191,2.048740953207016
6560,3149280,36,-10.38339101,1.3754815697669982,-0.000999763235449791,1.3230970829725266
6580,3158880,36,-10.23271833,1.3754173398017884,-0.00010428503155708313,0.3632858648896217
6600,3168480,36,-12.071926450000003,1.375648283958435,-0.002671942487359047,0.688501251488924
6620,3178080,36,-13.92066128,1.3755989074707031,-0.0016396437189541758,4.083901631832123
6640,3187680,36,-14.278457399999997,1.376191759109497,0.0017158346250653266,3.753090833127499
6660,3197280,36,-11.48340654,1.3754310369491578,-0.0044506266713142395,1.2063516817986966
6680,3206880,36,-10.98243757,1.3747160315513611,-0.004966615070588887,1.6620933540165423
6700,3216480,36,-12.061293090000001,1.3753265619277955,-0.003653534501791,1.3268517851829529
6720,3226080,36,-10.949407130000003,1.373783254623413,0.007616386748850346,6.878141248226166
6740,3235680,36,-10.400061500000001,1.3734310150146485,-0.01014128748793155,1.610254943370819
6760,3245280,36,-11.3044297,1.3734707593917848,0.001250556530430913,2.9354775130748747
6780,3254880,36,-11.182619050000001,1.373825466632843,-0.000530991901177913,3.812608766555786
6800,3264480,36,-12.71793917,1.3742236375808716,0.01272629275918007,11.350040125846864
6820,3274080,36,-11.74325885,1.374017357826233,-0.005647137761116028,5.171546196937561
6840,3283680,36,-10.68950313,1.3743646621704102,-0.003582807537168264,2.126242420077324
6860,3293280,36,-11.513646130000001,1.3742712378501891,-0.007937868684530258,0.7139290243387222
6880,3302880,36,-12.51244216,1.3745599389076233,0.011353971809148789,7.390396821498871
6900,3312480,36,-13.149481510000001,1.3736069798469543,0.004232766292989254,12.711881637573242
6920,3322080,36,-13.699744719999996,1.3737892150878905,-0.0017515972605906427,5.840315580368042
6940,3331680,36,-13.322997240000001,1.373706007003784,0.0007137373089790344,4.667553892731666
6960,3341280,36,-12.06180576,1.3735418558120727,0.009682390093803405,3.4976172551512716
6980,3350880,36,-10.450697150000002,1.3727410912513733,-0.005054430291056633,1.336546915769577
7000,3360480,36,-13.21094276,1.3722031593322754,-0.0051185542717576025,0.5620062202215195
7020,3370080,36,-11.459947620000003,1.3723646879196167,0.007591244578361511,4.565553918480873
7040,3379680,36,-12.017216669999998,1.37237468957901,0.040239188447594644,0.11842742040753365
7060,3389280,36,-12.018315489999999,1.371558463573456,0.002198176085948944,4.113084279745817
7080,3398880,36,-11.781878889999998,1.3707571506500245,-0.0003130286931991577,6.3640559077262875
7100,3408480,36,-12.52047192,1.3707308530807496,0.00035942802205681803,11.971401417255402
7120,3418080,36,-11.6214337,1.3697972536087035,0.0012372687458992004,12.844947385787965
7140,3427680,36,-11.840012380000001,1.36912761926651,-0.003987789154052734,4.22930400967598
7160,3437280,36,-10.547281130000002,1.3688361763954162,0.0028426261967979373,4.088865089416504
7180,3446880,36,-13.78243235,1.3685919284820556,-0.0029121781699359417,5.05925674661994
7200,3456480,36,-11.727120460000002,1.3690996289253234,0.0017705772072076798,2.7309970960021017
7220,3466080,36,-13.015484290000002,1.3694104313850404,0.0007288586348295212,12.427759099006654
7240,3475680,36,-13.22274852,1.3696292519569397,-0.006330764293670655,8.93632140159607
7260,3485280,36,-10.89914638,1.3693368792533875,0.00669383704662323,3.3640200585126876
7280,3494880,36,-13.65078685,1.3693127632141113,0.014643353968858719,9.525594997406007
7300,3504480,36,-11.184646280000003,1.37000572681427,-0.007512100040912628,0.7973201006650925
7320,3514080,36,-12.828397140000002,1.3694949746131897,0.0006092097610235214,7.1630772888660434
7340,3523680,36,-11.67123335,1.3696007251739502,-0.009824927523732185,7.470182168483734
7360,3533280,36,-11.899148360000002,1.3688321232795715,-0.0018966629868373275,1.4194948434829713
7380,3542880,36,-12.817059320000004,1.368196475505829,-0.004401799291372299,5.006681102514267
7400,3552480,36,-11.53602865,1.3675430297851563,-0.010270778043195605,1.023936116695404
7420,3562080,36,-11.264555109999998,1.3672358989715576,0.002683710679411888,7.455825161933899
7440,3571680,36,-10.27565345,1.3655593514442443,-0.0024098439142107965,4.951646518707276
7460,3581280,36,-11.454211110000001,1.366558599472046,-0.00025089667178690434,7.604694151878357
7480,3590880,36,-12.04526775,1.3671985030174256,-0.002967018773779273,5.901912593841553
7500,3600480,36,-11.428875319999998,1.3667719483375549,0.004333259910345078,1.6547332584857941
7520,3610080,36,-13.86822244,1.3672887682914734,-0.003915822505950928,11.362590038776398
7540,3619680,36,-14.29067677,1.3663309216499329,-0.005903353542089462,2.912598192691803
7560,3629280,36,-11.746669619999999,1.366521990299225,0.005522897094488144,3.6915342807769775
7580,3638880,36,-10.41895374,1.3674140095710754,-0.008574309665709734,3.945464649796486
7600,3648480,36,-12.783671089999999,1.3682678937911987,-0.009948469512164593,0.6157185852527618
7620,3658080,36,-12.721242419999996,1.3675275683403014,0.001825718581676483,12.878984016180038
7640,3667680,36,-14.553134610000003,1.3666671872138978,-0.005967201385647059,1.0487431526184081
7660,3677280,36,-8.28887131,1.3665214657783509,0.007744605094194413,1.5094767019152642
7680,3686880,36,-9.64736065,1.3665641665458679,-0.005691276676952839,0.879571157693863
7700,3696480,36,-11.215985380000001,1.3668206810951233,-0.009476329013705254,0.4588987737894058
7720,3706080,36,-12.952762470000003,1.3666307926177979,0.009556055068969727,15.217760610580445
7740,3715680,36,-11.78945764,1.36459059715271,-0.0049600619822740555,0.4433485895395279
7760,3725280,36,-13.194234350000002,1.363724708557129,0.003122210130095482,11.444728291034698
7780,3734880,36,-12.32041391,1.3645105957984924,-0.013421643758192658,0.6362939536571502
7800,3744480,36,-13.244648680000003,1.3641509056091308,0.00910484790802002,3.320300567150116
7820,3754080,36,-9.542638509999998,1.3627022981643677,-0.011708380654454231,1.1319694310426711
7840,3763680,36,-12.250735539999999,1.36221764087677,-0.004474736237898469,2.835696756839752
7860,3773280,36,-9.50220892,1.3634139537811278,-0.00653693350031972,1.8582613222301005
7880,3782880,36,-12.165145760000003,1.362248158454895,-0.001155923306941986,4.681624841690064
7900,3792480,36,-11.44268232,1.3622335553169251,0.0021062053740024565,15.099893379211426
7920,3802080,36,-10.26818076,1.3615992188453674,-0.0019256938248872757,3.063854384422302
7940,3811680,36,-11.039640149999995,1.3604979038238525,-0.0005707134492695332,4.4689852595329285
7960,3821280,36,-9.957010089999999,1.3599411249160767,-0.0033406333648599686,6.107080590724945
7980,3830880,36,-11.570412660000002,1.3606449484825134,0.008046672865748405,5.816976833343506
8000,3840480,36,-10.00264018,1.3598845839500426,-0.008704018592834473,1.2029128447175026
8020,3850080,36,-11.066669009999998,1.3591654658317567,-0.006634492427110672,1.26553555727005
8040,3859680,36,-9.9491754,1.3590916872024537,0.00167527012526989,1.762068548798561
8060,3869280,36,-11.666302729999995,1.3581641554832458,-2.0320247858762742e-05,4.887553870677948
8080,3878880,36,-11.51993722,1.3586882829666138,0.011804604437202215,8.271376329660416
8100,3888480,36,-8.5578233,1.3578210592269897,0.0015328463166952133,4.591006784141063
8120,3898080,36,-8.80160371,1.357401716709137,-0.0033139213919639587,4.977768671512604
8140,3907680,36,-10.982945009999998,1.3557074069976807,0.0006914012134075165,5.2850764214992525
8160,3917280,36,-10.399578510000001,1.356482696533203,-0.004170650243759155,4.596493512392044
8180,3926880,36,-11.103293229999998,1.356046688556671,0.009829816967248916,5.463198256492615
8200,3936480,36,-7.60986177,1.3563716292381287,0.010260678082704543,0.6378039851784706
8220,3946080,36,-10.3415538,1.3550781726837158,0.004360978212207556,3.94467111825943
8240,3955680,36,-12.26513479,1.3551398277282716,-0.0018838554620742797,8.253142461180687
8260,3965280,36,-11.50218138,1.355583369731903,-0.0022001340985298157,34.19190123081207
8280,3974880,36,-10.078582610000002,1.3547204613685608,-0.011947365198284387,5.6746516443789
8300,3984480,36,-9.70691472,1.353964638710022,0.007176840305328369,16.18453803062439
8320,3994080,36,-12.138081439999999,1.3544396996498107,-0.0014830214902758598,2.4244242668151856
8340,4003680,36,-10.88813124,1.353474771976471,-0.015949228964745998,4.277560156583786
8360,4013280,36,-9.138654050000001,1.3523084759712218,-0.0012053117156028748,7.558439093828201
8380,4022880,36,-10.165299619999999,1.3524551391601562,-0.010069779306650161,1.8114503145217895
8400,4032480,36,-9.279556229999999,1.3534162521362305,0.0005224701017141342,0.8900681108236312
8420,4042080,36,-9.621592649999998,1.3522799730300903,-0.00038523324765264987,2.632446366548538
8440,4051680,36,-14.26387369,1.3531200408935546,-0.00013023056089878082,8.84530966281891
8460,4061280,36,-13.329927900000003,1.353679394721985,0.00027649141848087313,2.89009929895401
8480,4070880,36,-10.782111800000001,1.353297472000122,-0.003153091436251998,16.495007133483888
8500,4080480,36,-13.575142170000001,1.3527738928794861,0.002761000394821167,3.3482412457466126
8520,4090080,36,-10.02902548,1.3526735424995422,-0.0011122114956378937,1.534738963842392
8540,4099680,36,-9.43675343,1.3525160074234008,-0.002403878420591354,1.6569026589393616
8560,4109280,36,-9.883178639999997,1.3514413356781005,-0.009577115811407567,0.40273169949650767
8580,4118880,36,-12.709184539999999,1.3514039397239686,-0.008472216594964267,3.5257966458797454
8600,4128480,36,-12.048180730000002,1.3526506781578065,0.0037305313162505627,2.697041118144989
8620,4138080,36,-8.154322610000001,1.3524947881698608,0.0011410731822252274,9.476817750930786
8640,4147680,36,-11.890074499999999,1.3522371411323548,-0.006075159274041652,1.7259925350546836
8660,4157280,36,-11.137318870000001,1.351216697692871,-0.005318990349769593,1.3456543922424316
8680,4166880,36,-12.289194929999999,1.3511800408363341,0.020832569152116776,7.007360395789147
8700,4176480,36,-11.262327569999998,1.350535237789154,0.0014875151216983795,3.254196655750275
8720,4186080,36,-10.64546783,1.3481108903884889,0.005036247614771128,0.8426950335502624
8740,4195680,36,-9.90230153,1.3480326533317566,-0.012483584391884506,0.7970760986208916
8760,4205280,36,-15.234606529999999,1.348199152946472,-0.013481764495372773,0.8701775282621383
8780,4214880,36,-9.17311515,1.3478654146194458,-0.0046564463526010515,3.4198172807693483
8800,4224480,36,-10.347406959999999,1.347580122947693,-0.003102545440196991,8.960561609268188
8820,4234080,36,-11.733023329999998,1.3483097553253174,0.008620733954012394,11.876458978652954
8840,4243680,36,-10.78502866,1.3474725008010864,-0.0028882183134555815,4.471275460720062
8860,4253280,36,-10.880623429999998,1.3479979753494262,0.00627402812242508,2.9652678847312925
8880,4262880,36,-11.94337848,1.3479628086090087,-0.0083023673389107,1.4983633637428284
8900,4272480,36,-8.132705000000001,1.348183822631836,-0.01086243912577629,3.5347076296806335
8920,4282080,36,-8.431476779999999,1.348779547214508,-0.005410095956176519,1.5101401656866074
8940,4291680,36,-10.776966219999998,1.3483286142349242,0.01213161889463663,7.832301390171051
8960,4301280,36,-9.396584500000001,1.348393201828003,-0.006051491573452949,4.523033481836319
8980,4310880,36,-9.353669689999998,1.3485710620880127,0.004548495588824153,4.213666409254074
9000,4320480,36,-11.15237807,1.347852098941803,-0.005067949742078781,13.40734601020813
9020,4330080,36,-11.37145913,1.3476629972457885,-0.0042929727584123615,1.27460897564888
9040,4339680,36,-11.17715589,1.3481714606285096,-0.008839833736419677,0.9499621629714966
9060,4349280,36,-10.081959860000001,1.347592842578888,-0.005900277104228735,4.3972002528607845
9080,4358880,36,-10.549781900000001,1.3472768664360046,0.00046860203146934507,1.860858318209648
9100,4368480,36,-8.47471199,1.3477394104003906,-0.0034959339536726475,8.4354248046875
9120,4378080,36,-11.139356560000003,1.3481122970581054,-0.009133007004857063,2.5413170874118807
9140,4387680,36,-9.885225579999998,1.3483253240585327,-0.0009607119951397181,1.765483659505844
9160,4397280,36,-12.349815189999998,1.3482555866241455,0.0043097700690850616,4.670880377292633
9180,4406880,36,-11.428506399999998,1.3476033091545105,-0.0039173271507024765,0.9231992602348328
9200,4416480,36,-11.765387609999998,1.3473925828933715,0.008010850660502911,5.324113070964813
9220,4426080,36,-10.616818539999999,1.3453649401664733,0.006097268871963024,4.492335039377212
9240,4435680,36,-13.133041229999998,1.3447782516479492,-0.004732095898361877,1.652732014656067
9260,4445280,36,-8.28471131,1.3441956400871278,-0.01423027142882347,4.012620365619659
9280,4454880,36,-7.1334662,1.3439958214759826,-0.005119291460141539,0.3935168072581291
9300,4464480,36,-9.28166119,1.3443567633628846,0.004624365270137787,8.628669616580009
9320,4474080,36,-9.90905032,1.3452950954437255,-0.004836136847734452,3.166546043753624
9340,4483680,36,-8.34679126,1.3433472156524657,-0.0007457539439201355,3.9322631418704987
9360,4493280,36,-9.783416630000001,1.3424938559532165,0.00473087802529335,1.3466843962669373
9380,4502880,36,-10.17662826,1.3426692962646485,-0.011266304552555085,4.059145987033844
9400,4512480,36,-11.061539459999999,1.3435915231704711,-0.00853493856266141,3.9120643019676207
9420,4522080,36,-10.53918105,1.3439475893974304,0.0021669812500476836,4.684992307424546
9440,4531680,36,-11.52278347,1.3432217836380005,0.005961284087970853,9.159922379255296
9460,4541280,36,-9.71047133,1.3433965921401978,-0.003925285115838051,5.440927720069885
9480,4550880,36,-9.8836229,1.3431400418281556,-0.0033774364739656447,1.6370366007089614
9500,4560480,36,-8.43250983,1.34399334192276,-0.009636735543608665,2.1449771508574487
9520,4570080,36,-9.752390369999999,1.3425509691238404,-0.005712075997143984,10.359179818630219
9540,4579680,36,-7.032744260000002,1.3431360602378846,-0.01180685656145215,0.3540375575423241
9560,4589280,36,-9.037344780000002,1.3422727108001709,0.004963532462716103,7.34489369392395
9580,4598880,36,-11.56965614,1.3426079034805298,-0.0066363602876663205,8.180069322884084
9600,4608480,36,-10.964040400000002,1.3423480153083802,-0.0018025764264166355,11.470874404907226
9620,4618080,36,-10.492296770000001,1.342529845237732,-0.008170115947723388,5.308787727355957
9640,4627680,36,-10.75352452,1.342287003993988,-0.010675363894551992,10.717067694664001
9660,4637280,36,-11.144206940000002,1.3420917749404908,-0.003049324452877045,5.531109666079283
9680,4646880,36,-10.31622417,1.3431452751159667,0.0030202247202396394,9.849141854047776
9700,4656480,36,-12.287263440000004,1.3433534502983093,0.0006489113438874483,14.319214725494385
9720,4666080,36,-11.203235399999999,1.3436860203742982,0.010114585957489907,6.319076785445214
9740,4675680,36,-11.08271879,1.3448014378547668,-0.008793676644563675,6.0280670642852785
9760,4685280,36,-6.617257489999999,1.3451991319656371,0.0006889159791171551,6.894495096802712
9780,4694880,36,-11.21015109,1.3455739855766295,-0.012705940753221512,6.93491427898407
9800,4704480,36,-10.786717759999998,1.345602774620056,-0.004711735062301159,2.3315679669380187
9820,4714080,36,-12.767437439999998,1.3460898518562316,0.020028351456858218,6.625863385200501
9840,4723680,36,-11.17454485,1.3464766502380372,0.022916003316640853,6.529578733444214
9860,4733280,36,-10.866827999999998,1.3464640617370605,-0.011777241528034211,5.000754535198212
9880,4742880,36,-10.335592550000001,1.3467209935188293,-0.009446862898766995,8.57283275127411
9900,4752480,36,-11.143507180000002,1.3479005932807921,-0.012249919003807008,4.874701949954033
9920,4762080,36,-7.518762940000001,1.3484307885169984,-0.003730178438127041,1.3348476454615592
9940,4771680,36,-9.34489243,1.3473978877067565,-0.002245762967504561,2.6296997666358948
9960,4781280,36,-10.75527888,1.347567355632782,0.004592229425907135,1.2109704934060574
9980,4790880,36,-8.16830782,1.345828926563263,0.00526124257594347,10.755624198913575
10000,4800480,36,-8.230024049999999,1.345970916748047,-0.0008826225996017456,3.968905085325241
10020,4810080,36,-8.714292480000001,1.3455131292343139,-0.011018378287553787,0.10424718111753464
10040,4819680,36,-11.00988258,1.3452065467834473,-0.006463174056261778,5.014024233818054
10060,4829280,36,-12.132009700000001,1.3458057045936584,-0.004674636945128441,1.383867233991623
10080,4838880,36,-11.059840179999998,1.3456544041633607,0.0032142380252480505,1.1488603159785271
10100,4848480,36,-10.478287340000001,1.3455832481384278,-0.0011873424053192138,6.657403874397278
10120,4858080,36,-9.559941980000001,1.3452133536338806,-0.003229810297489166,8.752177381515503
10140,4867680,36,-12.254782779999998,1.3441384553909301,-0.017941286554560065,3.207785451412201
10160,4877280,36,-10.61025074,1.3435439705848693,0.006567097455263138,7.3613510698080065
10180,4886880,36,-9.990670660000001,1.3430489420890808,0.0011386130820028484,5.244089531898498
10200,4896480,36,-9.308748419999999,1.3432408571243286,0.003425192181020975,8.316253757476806
10220,4906080,36,-10.56625675,1.343250036239624,-0.004947701096534729,6.582719844579697
10240,4915680,36,-10.546443120000001,1.3427115440368653,-0.005026890337467194,7.533366385102272
10260,4925280,36,-8.44763341,1.342883014678955,0.0005584412720054388,7.691892409324646
10280,4934880,36,-9.308780960000002,1.3421523332595826,0.01235625296831131,12.12821068763733
10300,4944480,36,-7.7765930600000015,1.3413920402526855,-0.006217580288648605,15.6282507956028
10320,4954080,36,-10.046106349999997,1.3420186519622803,-0.013675135397352278,3.361390531808138
10340,4963680,36,-6.79668377,1.3410775303840636,0.0068356113508343695,3.5536333829164506
10360,4973280,36,-9.719719,1.3424468159675598,-0.009625476598739625,0.6803320601582528
10380,4982880,36,-11.2528342,1.3421938061714171,-0.008330444991588592,12.177882000803947
10400,4992480,36,-11.480896459999999,1.3423050880432128,0.006839274149388075,4.712289011478424
10420,5002080,36,-8.530595139999997,1.3416409373283387,-0.0019412338733673096,1.0507840350270272
10440,5011680,36,-11.25953741,1.3416256785392762,-0.0014519147574901582,0.7076538167893887
10460,5021280,36,-8.216958889999999,1.3411990880966187,-0.000712815672159195,10.512670874595642
10480,5030880,36,-11.22846386,1.341676127910614,-0.005680869519710541,7.56867466121912
10500,5040480,36,-8.433159430000002,1.3414425611495973,-0.003047616500407457,7.821565645933151
10520,5050080,36,-12.40625996,1.3412311315536498,0.021100428700447083,6.866557788848877
10540,5059680,36,-10.271509449999998,1.3408456444740295,-0.007414638996124268,2.3149377942085265
10560,5069280,36,-11.28939048,1.3406699419021606,0.0053791052661836146,11.103874683380127
10580,5078880,36,-12.47081202,1.3402746796607972,-0.0031621308997273447,1.287343356758356
10600,5088480,36,-9.879579569999999,1.3402609348297119,-0.004658284038305283,6.416807746887207
10620,5098080,36,-10.193403550000001,1.3400056481361389,-0.0041159199550747875,7.444505977630615
10640,5107680,36,-8.65434452,1.3402842998504638,0.002723224461078644,9.449012576043605
10660,5117280,36,-7.2111323800000005,1.340736722946167,-0.0010081421583890914,3.557706153392792
10680,5126880,36,-9.13448616,1.3404642581939696,0.012535675242543221,4.471257656812668
10700,5136480,36,-7.814617510000001,1.3389328002929688,0.013257882744073867,4.1464652746915815
10720,5146080,36,-8.597245690000001,1.3382347583770753,-0.006092628836631775,1.324037304520607
10740,5155680,36,-10.49317397,1.3372610926628112,-0.005627624318003654,3.1143837928771974
10760,5165280,36,-10.73082845,1.3364583849906921,-0.006907674111425876,3.3805219650268556
10780,5174880,36,-9.339658600000002,1.3361946225166321,-0.0037400800734758376,4.6648083329200745
10800,5184480,36,-11.791732599999998,1.3345353484153748,-0.006373317213729024,4.226807725429535
10820,5194080,36,-9.30314501,1.335292637348175,-0.007841716706752776,2.7582597613334654
10840,5203680,36,-7.02091402,1.333931839466095,0.0016314642503857612,0.46618479788303374
10860,5213280,36,-9.69870496,1.3323109984397887,-0.002232500724494457,5.2616752743721005
10880,5222880,36,-8.56394548,1.3326701760292052,-0.011785551108187065,1.6431847199797631
10900,5232480,36,-8.646936580000002,1.3327559232711792,-0.009221953200176358,12.071931388974189
10920,5242080,36,-11.409516700000001,1.3324867248535157,-0.0005764078348875045,2.3741562604904174
10940,5251680,36,-10.81241157,1.3326043248176576,-0.009394567646086215,1.7247800707817078
10960,5261280,36,-9.1437358,1.3329392910003661,-0.017077902890741826,13.0506902217865
10980,5270880,36,-7.941623669999999,1.332786750793457,-0.010880783759057521,9.056453037261964
11000,5280480,36,-12.545269280000003,1.3318617701530457,0.0006444413214921951,17.304998087882996
11020,5290080,36,-12.399341080000001,1.3321000814437867,-0.006011408567428589,6.461852943897247
11040,5299680,36,-11.506092239999997,1.3322203040122986,-0.0009483486413955688,3.064863508939743
11060,5309280,36,-9.90951868,1.3323248267173766,-0.006314496695995331,3.299932873249054
11080,5318880,36,-9.7240382,1.331503200531006,-0.0031899155117571356,5.642096531391144
11100,5328480,36,-8.9962404,1.3316380262374878,-0.013044493971392512,1.6578916132450103
11120,5338080,36,-8.52150923,1.3310243725776671,-0.003291979432106018,4.265145921707154
11140,5347680,36,-9.299606840000001,1.330663001537323,-0.005070743709802627,0.5947132736444474
11160,5357280,36,-9.46713154,1.3304720044136047,-0.002650899812579155,2.1092815466225145
11180,5366880,36,-12.225049369999997,1.3311960816383361,-0.010571234230883419,2.377241787314415
11200,5376480,36,-10.242912339999998,1.3312326312065124,-0.005748432036489249,3.20046352148056
11220,5386080,36,-8.86265203,1.3307807445526123,-0.0021533727645874023,7.1312012553215025
11240,5395680,36,-7.892574859999999,1.3301156997680663,-0.0037711650133132935,1.9211366876959801
11260,5405280,36,-12.817521170000004,1.330055296421051,-0.005920767225325108,2.944543182849884
11280,5414880,36,-7.562282379999999,1.3290504336357116,-0.006548546254634857,1.0927978403866292
11300,5424480,36,-10.185100779999999,1.3279478073120117,-0.008521533466409891,2.205224558711052
11320,5434080,36,-9.438107879999999,1.3278471231460571,-0.001425592228770256,0.5742189429700375
11340,5443680,36,-9.818835969999999,1.3270537972450256,-0.010662787407636643,1.8889947779476643
11360,5453280,36,-9.83322134,1.3276593327522277,-0.0024116143584251406,14.5774640083313
11380,5462880,36,-11.400540150000001,1.326674795150757,0.02378893196582794,13.454423344135284
11400,5472480,36,-10.125667879999998,1.3263278961181642,-0.0022688763216137885,8.521278631687164
11420,5482080,36,-10.59150105,1.3253816604614257,-0.005928947776556015,4.9768838554620745
11440,5491680,36,-9.3137421,1.3252569317817688,0.0016184117645025252,2.6693814992904663
11460,5501280,36,-8.729468599999999,1.3254917860031128,-0.001282408309634775,9.896532583236695
11480,5510880,36,-11.41383679,1.3252208352088928,-0.009966839849948884,2.8033517792820932
11500,5520480,36,-10.203637460000001,1.3254130005836486,0.0016476698219776154,13.6732008934021
11520,5530080,36,-10.54278951,1.3250582098960877,-0.0007215678691864013,2.5433753728866577
11540,5539680,36,-11.84149488,1.3256375193595886,0.0016338237444870173,10.092055988311767
11560,5549280,36,-10.421292249999999,1.3256329774856568,-0.007715840265154839,8.773880338668823
11580,5558880,36,-12.529598980000001,1.3260226607322694,0.006658465974032879,12.539691352844239
11600,5568480,36,-7.567156929999998,1.3258032083511353,-0.011054502986371516,3.9874327301979067
11620,5578080,36,-9.715172860000001,1.3265791296958924,-0.003990937024354935,2.0315643437206745
11640,5587680,36,-7.58706067,1.3279236435890198,-0.00529392808675766,4.408476960659027
11660,5597280,36,-8.904796500000002,1.3265581965446471,-0.0012405814602971077,6.48413559794426
11680,5606880,36,-8.13831815,1.3263160705566406,-0.01581214480102062,1.5161599397659302
11700,5616480,36,-10.004308550000001,1.3261987328529359,0.0076695956289768216,2.2152951657772064
11720,5626080,36,-10.140556,1.3260927677154541,-0.0037734705954790117,3.7697553925216196
11740,5635680,36,-7.96573026,1.3269017100334168,-0.006814704462885857,1.0148217141628266
11760,5645280,36,-9.644524729999999,1.325998103618622,-0.0023273687809705736,0.6426862314343452
11780,5654880,36,-7.164043449999999,1.3268334865570068,-0.004589525610208511,4.370557427406311
11800,5664480,36,-9.70732082,1.3269528985023498,-0.0009620323777198792,3.062899041175842
11820,5674080,36,-8.200556769999999,1.325577485561371,-0.0035955054685473443,1.4670459777116776
11840,5683680,36,-8.96479666,1.3273678183555604,-0.006152751389890909,0.8216419853270054
11860,5693280,36,-8.514364290000001,1.3279520750045777,-0.008277487754821778,6.110699558258057
11880,5702880,36,-7.924942369999999,1.3266043782234191,-0.00038360582548193636,1.3854887634515762
11900,5712480,36,-8.98064255,1.3261789202690124,0.006198459863662719,2.467203962802887
11920,5722080,36,-8.41630137,1.3261585712432862,-0.002265592891490087,10.788709244132042
11940,5731680,36,-10.42679812,1.3255399584770202,0.004624872282147407,3.650145781040192
11960,5741280,36,-7.765740479999998,1.3235337018966675,-0.009815112478099764,6.471719789505005
11980,5750880,36,-9.56294554,1.3223933339118958,0.027618445083498956,1.7071474298834801
12000,5760480,36,-8.252697460000002,1.3221348524093628,-0.012017316184937954,1.0865329064428806
12020,5770080,36,-10.24033752,1.3218266129493714,-0.006283758580684662,0.2149461902678013
12040,5779680,36,-8.657992759999999,1.3211226105690002,-0.010734710097312927,4.56562365591526
12060,5789280,36,-9.95384389,1.3218101978302002,-0.0010361991822719573,2.9833536833524703
12080,5798880,36,-11.06514452,1.3214357018470764,0.0017936792224645614,4.688506746292115
12100,5808480,36,-11.133024810000002,1.3209601879119872,-0.00842904079472646,0.9188948556780815
12120,5818080,36,-11.042469739999996,1.3215614199638366,-0.008501623198390007,7.282743342220783
12140,5827680,36,-8.635181999999999,1.3210832476615906,-0.004596483707427978,3.779659077525139
12160,5837280,36,-9.59033444,1.320762038230896,-0.008314193785190582,4.239322522282601
12180,5846880,36,-11.061547030000002,1.3198620915412902,0.004234707728028297,4.017253422737122
12200,5856480,36,-10.57296109,1.3202208638191224,-0.010056396201252937,6.086698824167252
12220,5866080,36,-9.602189119999998,1.320679748058319,-0.0008090890944004059,0.872802221775055
12240,5875680,36,-9.927696990000001,1.320732295513153,-0.007386741228401661,0.855550828576088
12260,5885280,36,-7.8353013900000015,1.319842553138733,-0.013014119490981102,0.7482808113098145
12280,5894880,36,-10.649958750000001,1.3204492568969726,-0.005945376865565777,0.9284251771867276
12300,5904480,36,-9.48191642,1.3193354249000548,0.0035910426406189798,1.3987673178315163
12320,5914080,36,-9.56075929,1.3191721796989442,0.010434906743466855,2.6200047940015794
12340,5923680,36,-9.038025679999999,1.3183531522750855,-0.008715478517115117,1.3473835825920104
12360,5933280,36,-9.01852009,1.3173775911331176,-0.011424972023814917,1.1644782666116953
12380,5942880,36,-10.47768783,1.316829264163971,-0.0060850550886243585,1.1625881746411324
12400,5952480,36,-9.095007900000002,1.3168663263320923,-0.006668801978230476,2.140875205397606
12420,5962080,36,-10.83668762,1.3170817494392395,-0.001699269562959671,3.078548312187195
12440,5971680,36,-9.6610248,1.3168660521507263,-0.0013464979827404022,5.495062351226807
12460,5981280,36,-8.359073420000001,1.3170622706413269,-0.003049364872276783,0.17263617254793645
12480,5990880,36,-10.88119545,1.3158538222312928,0.0008135989308357238,8.737672771513463
12500,6000480,36,-8.43129822,1.3147256255149842,0.00209861658513546,5.716719796508551
12520,6010080,36,-8.059591670000001,1.3130925059318543,-0.012102421058807522,0.32422877475619316
12540,6019680,36,-9.25001325,1.3133007526397704,-0.01759368283674121,0.3883760064840317
12560,6029280,36,-10.596519599999999,1.313332736492157,-0.01501077674329281,1.6102506905794143
12580,6038880,36,-11.153576190000003,1.3133809566497803,-0.0065477121155709025,3.176209568977356
12600,6048480,36,-13.044806780000002,1.3124784469604491,-0.008814164157956838,1.449022750556469
12620,6058080,36,-10.196214340000001,1.313348686695099,-0.006912162154912948,1.7667688071727752
12640,6067680,36,-8.92255297,1.313705062866211,-0.007149074971675873,4.624550122022629
12660,6077280,36,-8.397968850000002,1.3137000799179077,-0.007584455236792564,7.8353850722312925
12680,6086880,36,-8.596483600000001,1.3133862137794494,-0.007818169891834259,0.6897288873791695
12700,6096480,36,-9.397604710000001,1.3126764059066773,-0.011683722399175167,3.3271109074354173
12720,6106080,36,-7.41897658,1.310542058944702,-0.006938429549336433,0.5137329742312431
12740,6115680,36,-9.92111555,1.311632549762726,-0.003299155831336975,5.6054447263479235
12760,6125280,36,-11.54275275,1.3123359203338623,-0.005579159036278725,2.261335188150406
12780,6134880,36,-10.899317000000002,1.311283326148987,-0.004604392871260643,2.5773494958877565
12800,6144480,36,-12.781716279999998,1.3112895965576172,-0.0025932885706424712,5.374705350399017
12820,6154080,36,-11.50369422,1.3115881085395813,0.0036101162433624266,8.160369336605072
12840,6163680,36,-11.944504349999999,1.3105896711349487,-0.012669220101088285,2.6305208664387463
12860,6173280,36,-10.723286819999998,1.3107067465782165,-0.006640287803020328,2.3523842841386795
12880,6182880,36,-10.51931131,1.3099524617195129,-0.00039035013178363444,0.6563045054674148
12900,6192480,36,-11.1253403,1.3093016743659973,-0.0050935799692524595,1.4465359300374985
12920,6202080,36,-10.653328140000001,1.3095511555671693,-0.0068739369511604306,3.013423915207386
12940,6211680,36,-10.97611808,1.308846938610077,-0.005189091246575117,1.417470970004797
12960,6221280,36,-10.183412019999999,1.3075485825538635,-0.009523171978071333,2.0145032852888107
12980,6230880,36,-10.794217520000002,1.3076183080673218,0.003820410743355751,1.9851109445095063
13000,6240480,36,-11.032140820000002,1.3077307343482971,-0.01287138988263905,5.864553773403168
13020,6250080,36,-11.061423779999998,1.307497000694275,0.00603460855782032,7.248863059282303
13040,6259680,36,-12.962348809999998,1.3071995019912719,-0.0010516629554331303,1.9347225207835437
13060,6269280,36,-10.508106069999998,1.3072014451026917,-0.008022800274193286,8.836398142576218
13080,6278880,36,-11.414174169999999,1.305941915512085,-0.009029453620314598,10.950647878646851
13100,6288480,36,-9.51317227,1.3053524374961853,-0.00962241180241108,2.534971418604255
13120,6298080,36,-9.992351659999999,1.3052996754646302,0.009664756059646607,6.609710675477982
13140,6307680,36,-10.341334849999999,1.3046986222267152,0.0032221317640505733,4.095419239997864
13160,6317280,36,-11.366106949999999,1.3063034057617187,-0.006094294041395188,1.6889776438474655
13180,6326880,36,-9.387327800000001,1.3062068343162536,-0.003307555615901947,5.4359748914837835
13200,6336480,36,-9.98983516,1.3055272221565246,0.008640403300523758,4.165812206268311
13220,6346080,36,-9.0162521,1.3059739947319031,-0.0001949906349182129,6.803544688224792
13240,6355680,36,-10.23720149,1.3060431361198426,-0.013883597403764724,1.080661268532276
13260,6365280,36,-8.73720629,1.305188739299774,-0.00607054065912962,0.9081829413771629
13280,6374880,36,-10.748307870000001,1.3044870018959045,-0.004379670321941376,5.61893130838871
13300,6384480,36,-11.860644920000002,1.3045435070991516,-0.009347732726018876,2.3088420987129212
13320,6394080,36,-6.7878471000000005,1.3021662473678588,0.001061176136136055,2.825873789191246
13340,6403680,36,-11.46466144,1.3023446559906007,-0.01035969303920865,3.573379245400429
13360,6413280,36,-8.98943126,1.3018441557884217,-0.012955354223959149,0.6215418845415115
13380,6422880,36,-9.77659028,1.300943672657013,-0.006048014108091593,3.8255570858716963
13400,6432480,36,-7.07518178,1.3013281106948853,-0.010724478494375944,2.8694883609190582
13420,6442080,36,-9.0660498,1.30006605386734,-0.0077190384268760685,4.607997094839812
13440,6451680,36,-9.92553981,1.3001005053520203,-0.011367898993194103,0.753023424744606
13460,6461280,36,-12.165778449999998,1.2998509526252746,0.00984506793320179,6.106277126073837
13480,6470880,36,-10.486045919999999,1.2998729467391967,-0.0034996237605810165,1.6646536588668823
13500,6480480,36,-7.517064359999999,1.299976360797882,-0.003597712516784668,2.1027617901563644
13520,6490080,36,-8.83437575,1.2994701743125916,-0.005729168611287605,5.781153783202171
13540,6499680,36,-8.51674911,1.2981730699539185,0.00631675235927105,6.344515132904053
13560,6509280,36,-9.46976538,1.2977062463760376,-0.008217154163867235,0.3665838181972504
13580,6518880,36,-10.43755107,1.2983386635780334,-0.00798131600022316,9.155034798383713
13600,6528480,36,-7.386118269999998,1.2989780902862549,-0.002826611720956862,13.878398188948632
13620,6538080,36,-9.0105505,1.2986270427703857,-0.00948890633881092,0.8314947485923767
13640,6547680,36,-8.348062109999999,1.2985211968421937,-0.0032469438039697705,5.614941519498825
13660,6557280,36,-7.182484999999999,1.2985856652259826,0.004695532470941543,10.93141187131405
13680,6566880,36,-10.16024571,1.2983258366584778,0.000540587306022644,6.898173731565476
13700,6576480,36,-8.740562090000001,1.2984710693359376,-0.008206441020593046,1.3651858419179916
13720,6586080,36,-7.34178708,1.2979230642318726,0.00016629323363304138,9.829959440231324
13740,6595680,36,-7.681668990000002,1.2981279373168946,-0.0017881459090858698,3.2146894216537474
13760,6605280,36,-8.918949,1.2979230523109435,0.0010420615784823895,2.190592014789581
13780,6614880,36,-8.100092609999999,1.2964921712875366,-0.0030900929123163223,6.8204533696174625
13800,6624480,36,-4.929879290000001,1.2963990211486816,0.00026636202819645404,3.238104036450386
13820,6634080,36,-8.579625590000001,1.2969948887825011,0.009692852097577998,7.199195855855942
13840,6643680,36,-8.628216880000002,1.2974563479423522,-0.0003680780529975891,4.1827668875455855
13860,6653280,36,-10.09615144,1.2965480923652648,0.0020569175481796264,10.879048776626586
13880,6662880,36,-8.50228253,1.2963477849960328,0.006358417496085167,6.057521235942841
13900,6672480,36,-10.568316170000001,1.297664749622345,0.011798936501145363,9.93229854106903
13920,6682080,36,-7.93412118,1.2973064661026001,-0.02000754289329052,3.227854883670807
13940,6691680,36,-10.52053079,1.2972067594528198,0.003968948125839233,14.203359365463257
13960,6701280,36,-11.691549269999998,1.2963970184326172,0.0004740249365568161,16.988362884521486
13980,6710880,36,-11.89907928,1.297121036052704,0.005104008689522743,6.3848174750804905
14000,6720480,36,-10.667697460000001,1.2973118066787719,-0.00011449271987657994,4.993955338001252
14020,6730080,36,-8.415720929999999,1.2971195816993712,-0.004592048749327659,4.081506690382957
14040,6739680,36,-12.667087200000001,1.296281886100769,0.0014120608568191529,5.039483556896448
14060,6749280,36,-10.00812147,1.2969868063926697,7.105544209480285e-05,2.1729050055146217
14080,6758880,36,-9.63406028,1.2974435329437255,-0.00573878400027752,1.9146262168884278
14100,6768480,36,-10.359481169999999,1.298095440864563,0.006403174996376037,3.2345869541168213
14120,6778080,36,-9.33744709,1.2964181065559388,-0.009173049032688141,3.5253994822502137
14140,6787680,36,-9.11763086,1.2974076628684998,-0.008058734610676766,5.1940597772598265
14160,6797280,36,-7.190614790000001,1.2973605275154114,0.0001371650956571102,8.52179628610611
14180,6806880,36,-8.876609170000002,1.2957149147987366,0.0012591613456606864,2.95440331697464
14200,6816480,36,-8.05640207,1.2954374313354493,-0.008913417533040046,2.8276217937469483
14220,6826080,36,-7.2625556,1.2958248853683472,-0.010029780957847834,1.1260544702410697
14240,6835680,36,-7.444050240000001,1.2966943740844727,-0.006863020174205303,1.006027415394783
14260,6845280,36,-5.03002144,1.29576416015625,-0.0020265355706214905,2.2157624438405037
14280,6854880,36,-7.782933390000002,1.2954284310340882,0.0022685348987579344,8.908762621879578
14300,6864480,36,-5.73058558,1.2944382667541503,-0.014685766724869608,0.6381856173276901
14320,6874080,36,-6.30073501,1.2951087474822998,0.013547029392793775,9.047096180915833
14340,6883680,36,-6.623231090000001,1.2954119324684144,-0.005857064155861735,0.6189208246767521
14360,6893280,36,-9.071721979999998,1.2952561736106873,0.0003731925506144762,3.423860164359212
14380,6902880,36,-8.90832355,1.29436913728714,0.0006151980254799127,3.4823473893105983
14400,6912480,36,-8.101835900000001,1.2950141310691834,-6.964616477489471e-06,5.182922980189323
14420,6922080,36,-9.177376939999998,1.2944939613342286,-0.004030405450612307,2.1873220682144163
14440,6931680,36,-9.32607979,1.2944917917251586,0.0029459364712238314,1.0465486615896225
14460,6941280,36,-10.408959969999998,1.2936882495880127,0.000664469599723816,7.482419358193875
14480,6950880,36,-8.35938332,1.2943110346794129,0.002772121207090095,9.697267626225948
14500,6960480,36,-9.807281260000002,1.2942013621330262,-0.0012722291052341462,0.6819577649235725
14520,6970080,36,-6.751589350000001,1.292767548561096,-0.0048724223859608175,11.329137516021728
14540,6979680,36,-9.636916800000002,1.293610119819641,-0.011586112529039383,1.192324122786522
14560,6989280,36,-10.128975489999998,1.2929304480552672,-0.005846592038869858,7.471422106027603
14580,6998880,36,-7.102994170000001,1.292096209526062,-0.012220821902155876,15.656129455566406
14600,7008480,36,-8.66701903,1.2917359948158265,-0.002591533027589321,3.9586060285568236
14620,7018080,36,-10.470728370000002,1.291244888305664,-0.007935082912445069,15.866464424133301
14640,7027680,36,-6.46609435,1.2916760683059691,0.001117134466767311,11.532558846473695
14660,7037280,36,-9.12313141,1.2914400815963745,-0.005670900642871857,4.039873450994492
14680,7046880,36,-6.921807959999999,1.2901422739028932,-0.0077929430641233925,1.7547415226697922
14700,7056480,36,-8.04770873,1.2898667931556702,-0.010264189168810844,7.560506864637136
14720,7066080,36,-6.117860840000002,1.2901734113693237,-0.009684886038303375,1.566956216096878
14740,7075680,36,-9.81200989,1.2904737949371339,0.0003689095377922058,13.651325225830078
14760,7085280,36,-6.2109847,1.2904173731803894,-0.011442258395254612,0.8605985388159751
14780,7094880,36,-8.6507443,1.2898815870285034,-0.002064502239227295,5.212385386228561
14800,7104480,36,-7.634214680000001,1.2896262288093567,0.01706022024154663,7.720487582683563
14820,7114080,36,-8.69864748,1.2896808624267577,0.0008323386311531067,3.698874555528164
14840,7123680,36,-6.944838580000002,1.2893587112426759,-0.0046281516551971436,0.8402452558279038
14860,7133280,36,-8.18892044,1.2895408630371095,0.0037181589752435682,2.5123773381114005
14880,7142880,36,-9.09768142,1.2895992875099183,0.0018778458237648011,1.74865260720253
14900,7152480,36,-5.30749982,1.2890416979789734,-0.011945037171244621,4.333584117889404
14920,7162080,36,-7.354406009999999,1.2881065726280212,-4.847925156354904e-05,5.17488374710083
14940,7171680,36,-6.9518197399999995,1.2876360893249512,-0.0038959458470344543,15.642889785766602
14960,7181280,36,-6.68984187,1.2869653344154357,-0.0015888529829680919,3.2276903606951235
14980,7190880,36,-7.16917808,1.2864092230796813,-0.004728614760097116,5.749895739555359
15000,7200480,36,-6.624276999999999,1.285308802127838,-0.007152785360813141,3.8899083554744722
15020,7210080,36,-3.9393685000000005,1.2856694102287292,-0.0017354946583509445,0.5333545848727226
15040,7219680,36,-7.031281100000001,1.2855303883552551,-0.006679414212703705,3.107180540263653
15060,7229280,36,-8.926916040000002,1.2867783188819886,0.005576916038990021,3.2810806393623353
15080,7238880,36,-8.81713178,1.2867148280143739,-0.0009479761123657226,5.783248072862625
15100,7248480,36,-5.172498530000001,1.2870195150375365,-0.007450763136148453,3.584451088309288
15120,7258080,36,-8.46344554,1.2865167140960694,-0.004323987662792206,4.726158517226577
15140,7267680,36,-10.31288219,1.2853803873062133,-0.004988117516040802,5.812581606954336
15160,7277280,36,-7.75543449,1.2839738249778747,-0.007026104815304279,6.10997548699379
15180,7286880,36,-9.689367080000002,1.2838582754135133,0.005345635861158371,1.6459478348493577
15200,7296480,36,-9.249964710000002,1.284151804447174,0.0052044915966689585,2.412502092123032
15220,7306080,36,-7.5794469399999995,1.2839218258857727,-0.004583883006125689,1.4639278590679168
15240,7315680,36,-6.580286329999999,1.2837599277496339,-0.0020721836015582086,4.028112661838532
15260,7325280,36,-5.60984954,1.2826694130897522,-0.008344846148975193,0.5981323763728141
15280,7334880,36,-7.14857142,1.282104456424713,-0.0034914953634142877,0.5869497418403625
15300,7344480,36,-7.654033229999999,1.281542956829071,-0.004132576659321785,0.5439570914953947
15320,7354080,36,-6.926009120000001,1.2781234860420227,-0.0006870083510875702,1.052873459458351
15340,7363680,36,-8.74550954,1.2784630060195923,-0.007384996744804084,2.8321190625429153
15360,7373280,36,-7.46753583,1.2777423024177552,-0.01300654150545597,2.773813129030168
15380,7382880,36,-5.92550468,1.2768453240394593,-0.016001475974917412,0.20541492868214845
15400,7392480,36,-5.16739064,1.2758088111877441,-0.008899438381195068,0.8391179829835892
15420,7402080,36,-8.44539743,1.2757752180099486,-0.009506983723258599,2.4279108479619027
15440,7411680,36,-8.242738120000002,1.275393295288086,-0.006508654356002808,5.637036944925785
15460,7421280,36,-7.515132479999998,1.2738016605377198,-0.0063832315616309645,4.509797292947769
15480,7430880,36,-4.71496771,1.2737884879112245,0.0013527527451515197,5.012484095990658
15500,7440480,36,-6.33318495,1.273641014099121,-0.007827943563461304,1.0927521161735059
15520,7450080,36,-6.208996739999999,1.273004913330078,-0.003988637030124665,7.369031722843647
15540,7459680,36,-5.634902059999999,1.2736490726470948,-0.00409457019995898,1.500659704208374
15560,7469280,36,-5.38426803,1.273667538166046,-0.006828233599662781,4.1236753225326535
15580,7478880,36,-7.6419276300000005,1.2732288241386414,-0.0025991426780819895,0.30734201446175574
15600,7488480,36,-7.71173104,1.272717010974884,-0.020346761122345923,3.3886243633925917
15620,7498080,36,-7.287062089999999,1.2721571922302246,-0.00270980317145586,0.10581795759499073
15640,7507680,36,-8.00958015,1.2719135880470276,-0.0001381693407893181,9.609529447555541
15660,7517280,36,-8.37596783,1.2713157892227174,-0.006213413365185261,2.561994054168463
15680,7526880,36,-7.1677092700000005,1.2715468883514405,-0.008367581572383643,1.526877075433731
15700,7536480,36,-8.52439869,1.2714142799377441,-0.004068833030760288,4.205736398696899
15720,7546080,36,-6.04281558,1.270864760875702,-0.008635876327753067,0.402150160074234
15740,7555680,36,-7.700470799999998,1.2713500261306763,-0.007521544769406319,0.40306812077760695
15760,7565280,36,-7.575623309999998,1.2718647599220276,-0.00621991838561371,6.211995178461075
15780,7574880,36,-7.40252809,1.2717584490776062,0.0036531344056129457,6.626163566112519
15800,7584480,36,-5.99816982,1.2720632195472716,-0.00031640529632568357,0.5789728850126267
15820,7594080,36,-7.30727565,1.272232675552368,0.0006891980767250061,3.438966250419617
15840,7603680,36,-8.83707403,1.2728500008583068,-0.01192312389612198,7.87198417186737
15860,7613280,36,-6.810543840000001,1.2716471791267394,0.0012964917346835136,11.493130987882614
15880,7622880,36,-9.22492333,1.2718096852302552,-0.015857186913490296,3.7537805423140527
15900,7632480,36,-8.50850348,1.271449327468872,0.0005221844650804997,1.7897048503160478
15920,7642080,36,-7.636662460000001,1.2726026892662048,-0.007478333730250597,5.821203136444092
15940,7651680,36,-10.32768839,1.2722036600112916,-0.0002498515648767352,1.2197339497506618
15960,7661280,36,-7.923865599999999,1.2730631589889527,-0.009186110459268093,2.565753239393234
15980,7670880,36,-8.7186487,1.2726081371307374,-0.010402341606095433,0.7180142655968667
16000,7680480,36,-7.28661738,1.271934711933136,-0.002776776812970638,2.1646252036094666
16020,7690080,36,-7.2088866,1.2721052646636963,-0.004712296649813652,5.086728145182133
16040,7699680,36,-11.428120139999999,1.272113597393036,-0.006287855468690396,4.892003762722015
16060,7709280,36,-6.95212996,1.2723614692687988,-0.006084918975830078,4.4477888464927675
16080,7718880,36,-6.122868670000002,1.2724722266197204,-0.0037860200740396977,11.697648456692695
16100,7728480,36,-9.237007540000002,1.2725050806999207,-0.005452282587066292,0.28426049649715424
16120,7738080,36,-7.370400480000001,1.2716397523880005,0.0033242013305425644,4.249261271953583
16140,7747680,36,-6.580324839999999,1.2704384684562684,-0.00788379698060453,4.3006552994251255
16160,7757280,36,-5.273804350000001,1.2698188185691834,0.0007133366540074349,6.733041936159134
16180,7766880,36,-4.75500764,1.2696090698242188,-0.003720254451036453,1.007895189523697
16200,7776480,36,-5.90577852,1.269472634792328,-0.006018493324518204,7.217145019769669
16220,7786080,36,-7.7873173,1.2686922669410705,-0.007129938155412674,1.5008442774415016
16240,7795680,36,-6.4411142,1.2680766940116883,-0.008583184657618403,4.074198326468467
16260,7805280,36,-5.92283804,1.2671515226364136,0.008136097341775894,8.900607132911682
16280,7814880,36,-5.583063250000001,1.2657739639282226,-0.0007958650588989258,3.895419117808342
16300,7824480,36,-5.1068374599999995,1.265547263622284,-0.0024763699620962143,0.48456426672637465
16320,7834080,36,-4.49500077,1.2638981819152832,0.0008918125182390213,5.6491903334856035
16340,7843680,36,-1.9565448100000002,1.2639036059379578,-0.003726671077311039,7.712347829341889
16360,7853280,36,-7.7182935,1.2640572786331177,-0.0012478873133659363,3.1333009719848635
16380,7862880,36,-4.59981684,1.263521945476532,-0.0029384441673755645,1.9496930897235871
16400,7872480,36,-5.74168173,1.2631969928741456,0.003112627938389778,2.006246566772461
16420,7882080,36,-4.178941620000001,1.2612003564834595,-0.01167306276038289,2.2281908720731733
16440,7891680,36,-6.642410949999999,1.2601551771163941,-0.0032948315143585204,6.496372938156128
16460,7901280,36,-7.342533719999999,1.2600079774856567,-0.0029803609475493433,5.734916174411774
16480,7910880,36,-3.40106913,1.2595805287361146,-0.003369612991809845,4.151364636421204
16500,7920480,36,-5.176549629999999,1.2593939065933228,-0.006361972540616989,13.023992304503917
16520,7930080,36,-3.941178400000001,1.2583664178848266,-0.009492039680480957,11.196684405207634
16540,7939680,36,-1.3616711999999997,1.2589173555374145,0.004230146459303796,11.395748177170754
16560,7949280,36,-2.54115338,1.2582421779632569,-0.01597365050110966,1.4305058240890502
16580,7958880,36,-0.7653270899999999,1.2574812054634095,-0.003337317705154419,2.269469302892685
16600,7968480,36,-4.652357680000001,1.2561972737312317,-0.0030022870749235155,2.842135339975357
16620,7978080,36,-3.21434525,1.2554061770439149,0.006456702202558518,5.634679494798183
16640,7987680,36,-3.4882366499999993,1.2545973062515259,-0.0047986477613449095,4.9567451000213625
16660,7997280,36,-3.6435809,1.253511118888855,-0.008691178634762764,2.136556750535965
16680,8006880,36,-1.4359738200000003,1.2518164038658142,-0.001684971246868372,5.101323080062866
16700,8016480,36,-3.096381390000001,1.2510751008987426,-0.0011445285752415657,6.7684070587158205
16720,8026080,36,-3.5986158699999993,1.2495028614997863,-0.006019516289234162,4.237210756540298
16740,8035680,36,-3.2787732099999998,1.2492573499679565,-0.0063305449904873965,13.005447340011596
16760,8045280,36,-3.7883211500000002,1.2487895369529725,-0.007258661091327667,0.1787341609597206
16780,8054880,36,-2.2026372699999994,1.2483140707015992,-0.0008075653262494597,3.2669149041175842
16800,8064480,36,-1.47116412,1.2487125277519227,-0.00023502339608967305,5.27630205154419
16820,8074080,36,-3.0372963200000003,1.2475190997123717,-0.0037781871855258943,2.679478669166565
16840,8083680,36,-5.06842979,1.2476768136024474,-0.012521788477897644,7.170085895061493
16860,8093280,36,-2.66081019,1.246843981742859,-0.007425360567867756,0.5110616564750672
16880,8102880,36,-1.6783591399999997,1.246188759803772,-0.011992990662110969,3.977813649177551
16900,8112480,36,-2.0635467700000003,1.2448752403259278,-0.005664552375674248,4.065318463742733
16920,8122080,36,-4.278825,1.2439789295196533,0.00023994003422558307,1.0915211290121078
16940,8131680,36,-2.4698109100000005,1.24330393075943,-0.005242063477635383,1.239216084033251
16960,8141280,36,-3.8828247700000005,1.243337917327881,-0.009912169375456869,5.181118293106556
16980,8150880,36,-7.343080429999999,1.2412557125091552,-0.006557849049568176,0.9085293799638748
17000,8160480,36,-7.170840450000001,1.2408146142959595,-0.00635611992329359,6.3326879918575285
17020,8170080,36,-6.208551669999999,1.2405163526535035,-0.004026228026486933,4.378010261058807
17040,8179680,36,-5.715410479999999,1.2399086594581603,-0.011069274437613786,12.19275197982788
17060,8189280,36,-5.411746409999998,1.2386229872703551,-0.009838873147964477,5.1043702363967896
17080,8198880,36,-5.984680600000001,1.2375548958778382,-0.001976655423641205,4.3099618092179295
17100,8208480,36,-4.850690029999999,1.237761092185974,0.0007132269674912095,2.1067889139056204
17120,8218080,36,-3.76422855,1.2373527407646179,0.006950672157108784,2.9369526624679567
17140,8227680,36,-3.908545480000001,1.2363431453704834,0.0022057639434933662,9.622725322842598
17160,8237280,36,-2.8438548900000002,1.2360881328582765,-0.007840725779533386,2.052176831662655
17180,8246880,36,-2.99999467,1.2355469346046448,-0.00983559638261795,1.983741119503975
17200,8256480,36,-3.8253905099999996,1.2356385707855224,-0.007036581574357115,8.21669602394104
17220,8266080,36,-5.3282886199999995,1.2348166346549987,-0.012305384129285812,17.674350929260253
17240,8275680,36,-3.3224811499999998,1.2352129340171814,-0.00405343659222126,1.9919519782066346
17260,8285280,36,-5.35294623,1.2355896472930907,-0.0011639706790447235,3.205570378899574
17280,8294880,36,0.016329749999999664,1.235171127319336,-0.007402403652668,5.859423351287842
17300,8304480,36,-4.2227720600000005,1.2343582153320312,-0.005592281371355057,5.029580044746399
17320,8314080,36,-1.57458364,1.2339130640029907,-0.009682367090135813,2.8600433468818665
17340,8323680,36,-0.10230264,1.2336484432220458,-0.0062121300026774405,5.6242144227027895
17360,8333280,36,-2.4166522199999996,1.2338403105735778,0.00045976713299751283,2.560111251473427
17380,8342880,36,-0.04676777000000008,1.2333045482635498,-0.0034713471308350564,6.687948560714721
17400,8352480,36,-2.85227977,1.2328983664512634,-0.001547342911362648,5.758622631430626
17420,8362080,36,-0.2567832500000001,1.2313717007637024,0.0025413483381271362,10.956803184747695
17440,8371680,36,-0.02257447999999991,1.2299557447433471,-0.010368525795638562,6.074992990493774
17460,8381280,36,-1.52145645,1.2286498427391053,-0.00663572009652853,5.778057941794396
17480,8390880,36,0.45180867999999974,1.2277374386787414,-0.005963358748704195,8.652004098892212
17500,8400480,36,-3.0236595,1.2279534220695496,-0.007562583684921265,1.1537038505077362
17520,8410080,36,-4.8990616099999995,1.2276548147201538,-0.008385781478136779,2.6117900729179384
17540,8419680,36,-3.9095702699999997,1.2268858313560487,-0.013410255406051874,1.1113159865140916
17560,8429280,36,-3.1973159299999994,1.2271764993667602,-0.0021230271086096764,21.083967685699463
17580,8438880,36,-5.801428980000002,1.2276070833206176,-0.01269822521135211,3.6074406027793886
17600,8448480,36,-2.6840053800000003,1.2273427844047546,0.0021622255444526672,6.291990077495575
17620,8458080,36,-0.4959553400000003,1.2268614530563355,-0.003958236449398101,12.659818375110627
17640,8467680,36,-1.48803466,1.2270463824272155,-0.00610627830028534,5.227665817737579
17660,8477280,36,-3.3224200900000005,1.226716732978821,-0.01119960529031232,4.9959684133529665
17680,8486880,36,-3.5853340200000003,1.2265771508216858,-0.01441756058484316,5.222335451841355
17700,8496480,36,-3.4709107099999996,1.226865816116333,-0.007498707948252558,3.759966802597046
17720,8506080,36,-3.5780358099999994,1.226185429096222,-0.004908687621355057,1.35634845495224
17740,8515680,36,-2.8829198700000003,1.227013921737671,0.00973134282976389,9.151502656936646
17760,8525280,36,-2.56747902,1.2263355374336242,-0.004907007515430451,8.129385685920715
17780,8534880,36,-4.53320239,1.225496029853821,-0.0019228216260671616,10.274259519577026
17800,8544480,36,-5.294874870000001,1.2250777959823609,-0.013219607435166836,0.6476893097162246
17820,8554080,36,-6.237318990000001,1.225411093235016,-0.003327315440401435,4.312222218513488
17840,8563680,36,-2.1440162700000003,1.225180983543396,-0.003448353707790375,5.501125366985798
17860,8573280,36,-2.10603488,1.224027395248413,0.004137521237134933,7.057944409549236
17880,8582880,36,-3.3650779000000006,1.2235671281814575,-0.001118241250514984,12.65099045932293
17900,8592480,36,-1.7196896400000004,1.2233508944511413,-0.007816912606358528,0.5530677482485771
17920,8602080,36,0.8785700300000003,1.2231091141700745,-0.006088217720389366,3.9101696968078614
17940,8611680,36,-1.8913275800000002,1.2225184440612793,-0.0018739715218544007,3.3164692521095276
17960,8621280,36,-5.49153558,1.221655297279358,-0.0021103926002979277,4.752558660507202
17980,8630880,36,-2.7503641100000005,1.2215994477272034,-0.00040375441312789917,12.148234868049622
18000,8640480,36,-0.2404216200000001,1.221785545349121,-0.005985688231885433,13.84333939552307
18020,8650080,36,-4.25703179,1.2212376356124879,0.00047364383935928346,6.767368495464325
18040,8659680,36,-3.31676636,1.2209580659866333,0.0032157070934772493,21.654768848419188
18060,8669280,36,-1.8691604199999998,1.2204518556594848,0.002048587752506137,7.965034151077271
18080,8678880,36,-0.5549149099999998,1.2194415092468263,0.009396309405565262,18.137721872329713
18100,8688480,36,-1.28517736,1.2197028160095216,-0.0038557468913495542,5.528289031982422
18120,8698080,36,-3.58685858,1.2204827308654784,-0.009605104476213456,2.238678714632988
18140,8707680,36,-1.7620430600000003,1.2203981161117554,-0.009266401082277298,5.069157087802887
18160,8717280,36,-3.123629019999999,1.2196057558059692,-0.006438210234045982,8.384016156196594
18180,8726880,36,-0.88167875,1.219715678691864,-0.002438493398949504,6.066350221633911
18200,8736480,36,-0.6290855,1.2185428500175477,-0.0017846256494522094,8.83248873949051
18220,8746080,36,-1.8511624299999996,1.2180273056030273,-0.005577419325709343,8.04216685295105
18240,8755680,36,-0.7816487699999999,1.2174657106399536,-0.004374523460865021,10.828894853591919
18260,8765280,36,-3.4814280600000007,1.216975212097168,-0.002346435934305191,5.231155228614807
18280,8774880,36,-6.450276819999999,1.2168568134307862,-0.005238009430468082,12.424152135848999
18300,8784480,36,-5.504809899999999,1.2157604098320007,0.0009594138711690903,16.367295026779175
18320,8794080,36,-4.51092018,1.2150251984596252,-0.007681308500468731,11.952011775970458
18340,8803680,36,-2.5701915399999997,1.2133625388145446,-0.004853510158136487,10.62898256778717
18360,8813280,36,-4.6545939999999995,1.211781883239746,0.006519394554197788,18.119059085845947
18380,8822880,36,-3.45008327,1.2102688908576966,-0.006645860522985459,5.891898918151855
18400,8832480,36,-5.43195414,1.2092491388320923,-0.009764523059129716,3.814387559890747
18420,8842080,36,-0.6632388899999999,1.2086520791053772,-0.004819422960281372,2.4285709291696547
18440,8851680,36,-1.3792695899999996,1.2078204989433288,0.0006127614062279463,5.479346847534179
18460,8861280,36,-0.06360620000000017,1.2074431777000427,-0.0008434146642684936,4.788516399264336
18480,8870880,36,1.3281688299999999,1.2053913593292236,-0.007288143411278725,3.754180097579956
18500,8880480,36,-0.4375179400000003,1.2040625095367432,-0.0008945584297180176,5.04494571685791
18520,8890080,36,-0.37235176,1.20173841714859,0.0010764986276626588,10.924635887145996
18540,8899680,36,-1.5867452199999996,1.2009417414665222,-0.0017590946517884731,10.003890502452851
18560,8909280,36,-1.91655243,1.200921082496643,-0.00943194457795471,0.8093819171190262
18580,8918880,36,-1.3995803499999997,1.1988981008529662,-0.0013918466866016388,0.5410102516412735
18600,8928480,36,-3.78451806,1.1969964146614074,-0.005496916593983769,3.7679362058639527
18620,8938080,36,-2.2242879399999995,1.196122646331787,-0.00810251608490944,4.960013031959534
18640,8947680,36,-0.43683606,1.1962749242782593,0.008429137989878654,4.063912510871887
18660,8957280,36,-2.3313273499999996,1.1955045580863952,-0.006065010884776711,1.5770797669887542
18680,8966880,36,1.8406444399999997,1.1947606563568116,0.00794097911566496,13.747920417785645
18700,8976480,36,0.06700087999999972,1.1941655993461608,0.0017564579844474792,8.311021423339843
18720,8986080,36,-0.19392338999999986,1.1947007417678832,0.003786483965814114,5.160170423984527
18740,8995680,36,-0.6679340799999998,1.1941617488861085,-0.010530063882470131,2.919503700733185
18760,9005280,36,-0.12811737999999942,1.1937930941581727,0.0013546058908104897,5.038673269748688
18780,9014880,36,0.90634802,1.1930525302886963,-0.004691942781209946,6.299298655986786
18800,9024480,36,1.1565976800000002,1.1922492384910583,-0.0036350399255752563,4.679445862770081
18820,9034080,36,2.24199827,1.1901530861854552,-0.003244427964091301,4.363152074813843
18840,9043680,36,3.48333083,1.189633321762085,-0.0016737289726734162,4.867066752910614
18860,9053280,36,-3.40340914,1.189146065711975,-0.008454126119613648,6.400758624076843
18880,9062880,36,2.3952656500000002,1.18741694688797,0.0007188127376139164,20.384784984588624
18900,9072480,36,-1.2236710500000003,1.1865530967712403,-0.009278695844113827,3.3888058602809905
18920,9082080,36,1.76443241,1.1855483889579772,-0.003483078768476844,10.119036197662354
18940,9091680,36,-1.9462176799999997,1.1844847083091736,0.0008084919303655624,3.0669093906879423
18960,9101280,36,-0.45552662000000027,1.1821282744407653,-0.01305454142857343,0.8937672823667526
18980,9110880,36,0.2857303199999997,1.1813162326812745,0.0014744894579052925,6.701899671554566
19000,9120480,36,2.25091537,1.1813611149787904,0.006684790039435029,4.019681167602539
19020,9130080,36,-0.8933644999999996,1.18154718875885,0.004684434365481138,10.323424601554871
19040,9139680,36,1.30543324,1.180649495124817,-0.012731385510414838,1.1533664882183075
19060,9149280,36,2.9495417900000005,1.180130398273468,-0.005993224959820509,7.559520149230957
19080,9158880,36,4.828626030000001,1.1785179138183595,0.003506932035088539,6.482100081443787
19100,9168480,36,-1.3505844500000002,1.1777289867401124,0.004317483305931092,10.574202680587769
19120,9178080,36,-1.56564487,1.1774037837982179,-0.008568983990699053,9.934645843505859
19140,9187680,36,2.5472604699999994,1.178218424320221,-0.005282828444615006,3.262182331085205
19160,9197280,36,1.7672079100000002,1.1768980383872987,-0.005393511056900025,5.6578288793563845
19180,9206880,36,1.5842965000000004,1.1764049291610719,0.0031513821333646773,11.438985776901244
19200,9216480,36,1.7059860000000002,1.175688874721527,-0.0026363618671894073,6.077031600475311
19220,9226080,36,-0.2537705099999998,1.1741204857826233,0.0017665372230112552,2.1907727122306824
19240,9235680,36,-0.6094162000000002,1.1724898099899292,0.0023560112342238424,5.332816803455353
19260,9245280,36,2.8768296400000004,1.1720484972000123,-0.004825349897146225,7.313558864593506
19280,9254880,36,-0.8920469999999997,1.1703822493553162,-0.0017613053321838378,5.315828108787537
19300,9264480,36,1.9338287,1.1690194845199584,-0.0046168133616447445,2.6068746715784075
19320,9274080,36,1.7881937300000001,1.16899733543396,1.2205541133880616e-05,6.324339735507965
19340,9283680,36,4.194505670000001,1.1680998086929322,0.0008184619247913361,3.7878918826580046
19360,9293280,36,2.90438084,1.167333984375,-0.004955857060849667,7.6874300837516785
19380,9302880,36,2.0298724700000013,1.166640865802765,-0.008563270047307014,11.174167704582214
19400,9312480,36,5.29787693,1.1661773204803467,-0.0024222657084465027,4.4292257070541385
19420,9322080,36,5.22457522,1.1657622575759887,0.0010158151388168335,2.9885722041130065
19440,9331680,36,1.6935403700000002,1.1645798087120056,-0.0033048994839191435,11.609757781028748
19460,9341280,36,2.5294252900000003,1.1651636004447936,-0.011431844159960746,7.657709741592408
19480,9350880,36,1.81152695,1.1648898363113402,-0.00964176133275032,4.300848042964935
19500,9360480,36,3.2566446600000005,1.1640979409217835,0.005030605569481849,12.441613388061523
19520,9370080,36,5.076215680000001,1.1637051939964294,-0.0003148041665554047,5.346008789539337
19540,9379680,36,-0.6783245199999993,1.1636552214622498,-0.0017932205460965633,6.4727493047714235
19560,9389280,36,2.3718038700000004,1.1630749225616455,-0.0060183461755514145,5.615233451128006
19580,9398880,36,-3.66658057,1.162212884426117,0.0028197091072797776,6.065644121170044
19600,9408480,36,-4.42162494,1.1623876452445985,-0.0015521340072154998,8.823383712768555
19620,9418080,36,-0.6030224200000002,1.1623761534690857,-0.01137062320485711,3.0227384686470034
19640,9427680,36,0.7317294200000002,1.1614932537078857,-0.014026856608688831,2.953218102455139
19660,9437280,36,1.3076798500000002,1.1604618906974793,-0.0054401583969593045,9.594014859199524
19680,9446880,36,4.384534659999999,1.1606667280197143,-0.0033410485833883286,7.301730346679688
19700,9456480,36,5.07777605,1.1607367277145386,-0.012299685319885612,6.929251313209534
19720,9466080,36,5.381997289999999,1.1604295372962952,-0.0034869426861405374,5.759881860017776
19740,9475680,36,3.0260561299999993,1.1582899928092956,-0.002440587617456913,11.577741336822509
19760,9485280,36,3.223691749999999,1.1579069256782533,-0.009630944998934864,2.0422580361366274
19780,9494880,36,5.5554219599999985,1.1579139232635498,-0.0006616562604904175,5.805201232433319
19800,9504480,36,6.013066789999999,1.1567986369132996,-0.008502618595957755,7.623920822143555
19820,9514080,36,6.0686089700000005,1.1564895272254945,-0.006174733303487301,6.912369608879089
19840,9523680,36,6.207235660000001,1.1559895038604737,-0.0013129737228155137,6.135074400901795
19860,9533280,36,2.0889755500000002,1.1547845125198364,-0.003430920746177435,8.279115653038025
19880,9542880,36,-0.83445557,1.1541208744049072,-0.0020210400223731996,3.3918271541595457
19900,9552480,36,4.015780469999999,1.1539058446884156,-0.014196236431598664,2.8569753050804136
19920,9562080,36,5.992387299999999,1.1539941549301147,-0.003920398978516459,10.601225692033768
19940,9571680,36,1.8737989100000005,1.152770745754242,-0.00889555960893631,1.9583936721086501
19960,9581280,36,1.2638595799999999,1.1513492345809937,-0.010504820197820664,3.3552136600017546
19980,9590880,36,3.55958038,1.1509075999259948,0.0006076201796531677,6.489323616027832
20000,9600480,36,2.5296591800000003,1.1506469607353211,-0.007152946823043749,10.425677919387818
20020,9610080,36,4.089484250000001,1.1499252915382385,-0.012039503073901869,5.2405300498008724
20040,9619680,36,3.0498207,1.1488482117652894,-0.012295944150537252,15.146235603094102
20060,9629280,36,2.8689614799999994,1.1478335976600647,-0.015200703963637352,1.851430106163025
20080,9638880,36,4.69194166,1.1468996286392212,-0.007936089485883712,6.379874813556671
20100,9648480,36,5.09215036,1.1462857842445373,0.0008422132581472397,3.172815555334091
20120,9658080,36,7.113972390000002,1.147023856639862,-0.0035536706447601317,9.663227462768555
20140,9667680,36,5.0928248300000005,1.1469193696975708,-0.0043287213891744615,3.9750192284584047
20160,9677280,36,6.5794302700000005,1.1459224820137024,-0.013559774681925773,1.3532383024692536
20180,9686880,36,2.84515867,1.145500862598419,-0.009555461630225182,17.348228168487548
20200,9696480,36,4.00265191,1.1450077176094056,0.001449594646692276,12.1025994181633
20220,9706080,36,5.478900750000001,1.1445018768310546,-0.0034366688574664294,23.68513443470001
20240,9715680,36,3.6650588100000006,1.1449900150299073,0.005533685535192489,7.671666216850281
20260,9725280,36,4.8165209099999995,1.146303617954254,0.013624810427427293,29.393094658851624
20280,9734880,36,2.2242333299999997,1.1458378672599792,0.008599279634654521,9.41942539215088
20300,9744480,36,3.6656767299999995,1.1460097789764405,0.011053386423736811,8.914336621761322
20320,9754080,36,5.243297759999999,1.1469156265258789,-0.0030797522515058516,2.972715878486633
20340,9763680,36,6.9109309,1.1456204295158385,-0.008121769409626722,7.892542445659638
20360,9773280,36,4.98987015,1.1453448295593263,-0.005383413657546044,1.572270941734314
20380,9782880,36,5.861249109999999,1.145106315612793,0.0013317972421646117,12.056302261352538
20400,9792480,36,5.42889104,1.1441944122314454,0.004474044032394886,12.566784954071045
20420,9802080,36,7.077708380000001,1.1435336232185365,0.0011061653029173612,9.828136229515076
20440,9811680,36,6.587771739999999,1.1422988414764403,0.005243590893223881,17.876165103912353
20460,9821280,36,5.907310470000001,1.1408043503761292,0.003392784297466278,5.115539813041687
20480,9830880,36,7.16153801,1.1407995104789734,-0.0026673350483179094,14.443113899230957
20500,9840480,36,8.37905109,1.138914942741394,0.028432882204651833,15.753792881965637
20520,9850080,36,10.20114517,1.1383257150650024,-0.0015340346843004226,5.575673043727875
20540,9859680,36,5.996672060000001,1.138480806350708,-0.0019079362973570824,11.58985493183136
20560,9869280,36,4.49693929,1.1377360463142394,0.007912416709586978,13.77190704345703
20580,9878880,36,4.375299780000001,1.1369746685028077,0.006606626510620117,16.962586450576783
20600,9888480,36,7.70928466,1.1376426815986633,-0.010046132653951646,10.820421731472015
20620,9898080,36,6.245328150000001,1.137452816963196,-0.0012348771095275878,13.783682370185852
20640,9907680,36,9.69973258,1.1362837553024292,0.007332775462418795,14.889917266368865
20660,9917280,36,6.634906620000001,1.1354211688041687,0.00849791131913662,9.40074806213379
20680,9926880,36,11.507904130000002,1.1363338351249694,-0.007419739471515641,5.098347818851471
20700,9936480,36,10.77652951,1.1361505746841432,-0.008335576951503753,35.69932899475098
20720,9946080,36,10.681597570000001,1.136265468597412,-0.006741539668291807,10.00719337463379
20740,9955680,36,12.77222586,1.1356071472167968,-0.002591002732515335,4.329204249382019
20760,9965280,36,11.598074359999998,1.134930157661438,-0.0014418464154005051,6.382705283164978
20780,9974880,36,9.57056228,1.1350603103637695,0.006702187657356262,11.792300844192505
20800,9984480,36,9.206229579999999,1.134621524810791,0.028535632789134978,17.998192310333252
20820,9994080,36,8.184473749999999,1.1326997399330139,0.00495670922100544,16.82071957588196
20840,10003680,36,7.9130863,1.131590974330902,-0.0100613072514534,2.1676469922065733
20860,10013280,36,12.85090259,1.1307609677314758,-0.008604673435911536,1.2235166043043137
20880,10022880,36,7.77016904,1.128798234462738,-0.013160933926701545,2.839523160457611
20900,10032480,36,11.73583161,1.12899329662323,-0.006894931383430958,6.108304405212403
20920,10042080,36,8.713868709999998,1.1282859325408936,-0.01770562301389873,1.3645490944385528
20940,10051680,36,7.402087260000001,1.127618932723999,0.006417573988437652,7.114313793182373
20960,10061280,36,9.274210379999998,1.127573597431183,0.003007989376783371,19.648056983947754
20980,10070880,36,10.898233620000003,1.1271727919578551,-0.0021304663270711897,12.264262247085572
21000,10080480,36,10.56513973,1.1271926045417786,0.004074735566973686,13.483009624481202
21020,10090080,36,5.9674574400000004,1.1269134998321533,-0.007175466907210648,14.06214635372162
21040,10099680,36,10.485164599999997,1.1275383353233337,-0.005160459689795971,18.285965311527253
21060,10109280,36,5.52938574,1.1274694919586181,0.006600875966250896,25.53657858967781
21080,10118880,36,8.719997550000002,1.1273986458778382,-0.0018011622130870819,7.938683664798736
21100,10128480,36,5.5073506000000005,1.1275952458381653,0.0013525610789656638,37.48479604721069
21120,10138080,36,9.8097884,1.1263600707054138,-0.0006818108260631562,7.545141756534576
21140,10147680,36,12.154588649999999,1.1255703926086427,0.010461433487944306,7.837727898359299
21160,10157280,36,13.70894032,1.1258866786956787,0.015024431049823761,6.914686214923859
21180,10166880,36,12.12288178,1.124632513523102,-0.00637481426820159,17.009916973114013
21200,10176480,36,6.85406873,1.1241531252861023,-0.0011630436405539514,4.824004387855529
21220,10186080,36,6.502080469999999,1.1237728714942932,-0.004837234318256378,13.731898069381714
21240,10195680,36,10.72150396,1.1232863068580627,0.018083639442920685,12.121255254745483
21260,10205280,36,6.33121962,1.1229909181594848,-0.003358275815844536,15.37620849609375
21280,10214880,36,6.0599737000000005,1.1215752720832826,-0.003588101267814636,10.130179464817047
21300,10224480,36,9.67863795,1.121220052242279,-0.006972360424697399,15.811594712734223
21320,10234080,36,4.012565550000001,1.1203951478004455,-0.001358187384903431,4.674324035644531
21340,10243680,36,2.615861040000001,1.1201128721237184,0.00432409793138504,21.448603343963622
21360,10253280,36,7.42335638,1.1183403134346008,-0.0068876933306455616,11.347706055641174
21380,10262880,36,5.975126019999999,1.1175346374511719,-0.011411328986287116,9.235800528526307
21400,10272480,36,3.1967670399999997,1.1168885350227356,-0.014474382996559143,4.849309802055359
21420,10282080,36,6.367208740000002,1.1163383722305298,-0.00535361710935831,19.19272651672363
21440,10291680,36,7.818508549999999,1.1166164755821228,0.010435022227466107,18.54063472747803
21460,10301280,36,7.030722010000001,1.1172913789749146,-0.0010185495018959045,5.356010243296623
21480,10310880,36,5.0221561,1.1164356112480163,0.004714320600032807,7.833349084854126
21500,10320480,36,3.29063252,1.1159504055976868,0.002627264242619276,8.698973274230957
21520,10330080,36,9.16270058,1.1141525626182556,-0.008796657249331475,5.455890652537346
21540,10339680,36,5.09553623,1.1131873726844788,-0.004356760019436479,10.568350481987
21560,10349280,36,6.019823399999999,1.112239170074463,-9.054532274603844e-05,12.412473392486572
21580,10358880,36,5.476910370000001,1.1115934014320374,-0.005011878721415996,7.582998299598694
21600,10368480,36,5.812805459999998,1.1111809372901917,-0.0007488265633583069,11.79261589050293
21620,10378080,36,9.37067029,1.1106449723243714,-0.005573475547134876,5.104593253135681
21640,10387680,36,4.708298670000001,1.109497082233429,0.0015703579410910606,4.507562470436096
21660,10397280,36,6.306615440000001,1.1085826873779296,-0.007437760848551989,4.422691452503204
21680,10406880,36,7.3821689,1.1071397423744203,-0.00307552358135581,3.7253106355667116
21700,10416480,36,11.912010340000002,1.1063806533813476,-0.004821513220667839,3.454180985689163
21720,10426080,36,9.381435790000001,1.105353879928589,-0.0010548256337642669,11.747465622425079
21740,10435680,36,7.087467549999999,1.1047946214675903,-0.012971398234367371,22.425017070770263
21760,10445280,36,5.27706684,1.105203664302826,0.0006746470928192139,12.633788818120957
21780,10454880,36,6.70364996,1.1049551010131835,0.006831492856144905,18.193749523162843
21800,10464480,36,4.68076255,1.1032570838928222,0.00010508149862289428,4.543781423568726
21820,10474080,36,15.92680239,1.1020440936088562,-0.002186024375259876,13.962178611755371
21840,10483680,36,9.18089708,1.1022497177124024,-0.010173875465989113,1.2864729940891266
21860,10493280,36,8.67151404,1.1012204170227051,-0.0020691964775323866,22.1183611869812
21880,10502880,36,5.475004759999999,1.1010322332382203,-0.003825461957603693,8.77154061794281
21900,10512480,36,5.2326171299999995,1.1007008671760559,0.0032002590596675873,8.560659599304199
21920,10522080,36,8.25743486,1.0998636960983277,-0.007960126921534538,24.44017267227173
21940,10531680,36,5.208209059999999,1.1000701308250427,-0.0028313341084867717,13.664908266067505
21960,10541280,36,5.009064179999999,1.0993717074394227,-0.0069039598107337955,10.254109036922454
21980,10550880,36,1.51583955,1.0981135964393616,0.0021004900336265564,31.253488779067993
22000,10560480,36,-0.01416988000000023,1.098110806941986,0.025177573040127754,22.349832630157472
22020,10570080,36,4.26973091,1.098114013671875,0.009592959750443697,18.46611680984497
22040,10579680,36,5.744052869999999,1.097697877883911,-0.007846579421311617,20.463455891609193
22060,10589280,36,3.2596604299999994,1.0976263523101806,0.0018959449604153632,12.262784290313721
22080,10598880,36,1.923300529999999,1.0972805500030518,0.004543729871511459,14.400814938545228
22100,10608480,36,4.34246615,1.0970308899879455,0.0027840598486363888,10.252132320404053
22120,10618080,36,12.0838568,1.0957261562347411,0.0042481571435928345,10.44756784439087
22140,10627680,36,8.68344109,1.0966009140014648,-0.0066179390996694565,2.892927122116089
22160,10637280,36,5.642345499999999,1.0959447026252747,0.03951157107949257,37.025689888000485
22180,10646880,36,8.06816538,1.0957387447357179,-0.0019540026783943175,27.025232601165772
22200,10656480,36,10.700310720000003,1.0951383590698243,-0.002805015444755554,15.208427548408508
22220,10666080,36,11.309387350000002,1.0948394656181335,-0.004649945348501205,29.422361135482788
22240,10675680,36,10.200506179999998,1.093454372882843,-0.008190146926790477,5.819102954864502
22260,10685280,36,3.439683370000001,1.0931097388267517,-0.004261990636587143,14.210925912857055
22280,10694880,36,8.568722209999999,1.0918031334877014,0.008391649648547172,20.621661496162414
22300,10704480,36,5.307269219999999,1.0915438771247863,-0.0018797190859913826,17.155627393722533
22320,10714080,36,6.456111239999999,1.091511845588684,-0.0035733805038034917,11.652622938156128
22340,10723680,36,6.28227625,1.090245246887207,-0.006167464796453715,31.47680459022522
22360,10733280,36,12.023740629999997,1.0891719818115235,-0.0035996794700622558,31.033166313171385
22380,10742880,36,8.417607859999999,1.0882950186729432,0.0017758075147867203,35.92333488464355
22400,10752480,36,12.868962799999998,1.0871049165725708,-0.0025697307661175727,1.6635884881019591
22420,10762080,36,7.979508169999999,1.0876465320587159,-0.0029778119176626207,13.35473291873932
22440,10771680,36,6.317117970000001,1.0885259747505187,-0.009798872441751882,4.311916017532349
22460,10781280,36,5.88775087,1.0886542677879334,-0.011804061569273471,4.948883926868438
22480,10790880,36,5.8711678,1.0892765879631043,-0.006810133694671094,28.83447437286377
22500,10800480,36,6.43718339,1.0885653495788574,-0.004628975689411163,8.916652178764343
22520,10810080,36,11.561903040000002,1.088057315349579,-0.01550673395395279,1.143778270483017
22540,10819680,36,8.39529453,1.0876507759094238,-0.004646781086921692,3.411169391870499
22560,10829280,36,8.10234612,1.0872459173202516,-0.0006260842084884644,11.804044723510742
22580,10838880,36,12.706561769999999,1.086502981185913,-0.002842617779970169,9.805955517292023
22600,10848480,36,5.064136700000001,1.0871031403541564,-0.0017858195584267377,8.788979959487914
22620,10858080,36,7.95308567,1.0877305030822755,0.005534030497074127,44.10705337524414
22640,10867680,36,-0.6434134399999998,1.0879555106163026,0.000413102051243186,27.451685905456543
22660,10877280,36,-2.14446937,1.0874788165092468,0.0006056156009435654,9.527377057075501
22680,10886880,36,2.4048938,1.0866888403892516,-0.003151322901248932,10.391693162918092
22700,10896480,36,-2.34686432,1.0870914697647094,-0.0020171694457530977,24.979518127441406
22720,10906080,36,-3.2984374599999997,1.0870444059371949,-0.00562887117266655,18.014255046844482
22740,10915680,36,-3.1423733299999994,1.0861013054847717,-0.008121076412498951,12.181538891792297
22760,10925280,36,-4.101183430000001,1.0869383335113525,-0.006134524941444397,9.78906271457672
22780,10934880,36,2.4994009299999997,1.0851160764694214,-0.005567117594182491,8.427474164962769
22800,10944480,36,1.8800159000000005,1.0849678993225098,-0.0029464386403560638,24.783785772323608
22820,10954080,36,9.15701425,1.085144567489624,0.000628821924328804,5.601038157939911
22840,10963680,36,10.361677219999999,1.083902609348297,-0.00187855064868927,3.668259298801422
22860,10973280,36,13.87689793,1.0830786228179932,-0.0045998221263289455,6.162698602676391
22880,10982880,36,11.42143277,1.0814008355140685,0.0010383486747741698,10.968724381923675
22900,10992480,36,12.588489690000001,1.0809946417808534,-0.013271853234618903,20.382171821594238
22920,11002080,36,13.61738127,1.0810895562171936,-0.005164442211389541,5.677131205797195
22940,11011680,36,13.85153787,1.0811908721923829,-9.298846125602723e-05,1.8317279934883117
22960,11021280,36,9.89598205,1.0816985249519349,0.03249293030239642,9.071501636505127
22980,11030880,36,13.232096530000002,1.0808409452438354,0.0016191458329558373,10.1979323387146
23000,11040480,36,13.37466898,1.0808966398239135,0.002574481815099716,25.000373351573945
23020,11050080,36,10.402929370000003,1.0811091184616088,-0.012437615916132927,25.43651885986328
23040,11059680,36,6.795257199999998,1.0800719857215881,0.003007833659648895,10.631131553649903
23060,11069280,36,10.748012229999999,1.0797279477119446,0.006023586168885231,27.319485187530518
23080,11078880,36,4.45215673,1.0792239427566528,-0.0011206521652638913,15.74917026758194
23100,11088480,36,7.413277900000001,1.079297411441803,-0.004743820056319237,12.315533065795899
23120,11098080,36,12.040338629999999,1.0790608048439025,0.004222834575921297,17.654834747314453
23140,11107680,36,5.975105329999999,1.0787519335746765,0.009891599602997302,37.29811382293701
23160,11117280,36,8.642372129999998,1.078840970993042,0.003651602752506733,8.941971492767333
23180,11126880,36,4.48558502,1.0788282036781311,-0.004655948281288147,19.874400901794434
23200,11136480,36,7.161700079999999,1.0783550143241882,-0.002861026022583246,19.622831201553346
23220,11146080,36,4.256529230000001,1.0788959980010986,0.013009567465633153,34.56945514678955
23240,11155680,36,6.254673490000001,1.078682577610016,-0.005378338694572449,15.035247659683227
23260,11165280,36,6.33611972,1.0782351613044738,0.00132540762424469,29.971591758728028
23280,11174880,36,4.2291703400000005,1.077693808078766,0.003871757537126541,41.05208568572998
23300,11184480,36,1.4047585599999997,1.0778204917907714,-0.0018751626543235035,8.168597984313966
23320,11194080,36,4.80223269,1.0773173809051513,-0.00011802613735198975,40.000011920928955
23340,11203680,36,4.91114046,1.077293288707733,0.004751459881663323,20.795147705078126
23360,11213280,36,9.513438919999999,1.0769994020462037,-0.009339389204978944,17.39112491607666
23380,11222880,36,13.850705670000002,1.0759058594703674,-0.006295844074338674,5.74386203289032
23400,11232480,36,12.260433540000001,1.0762454986572265,-0.007273134589195251,3.027575170993805
23420,11242080,36,13.6678758,1.0745522022247314,0.006446293741464615,10.47200300693512
23440,11251680,36,13.0264617,1.0747087955474854,-0.0063876954838633536,15.029007577896119
23460,11261280,36,12.072866869999999,1.0735857844352723,-0.010816268483176827,2.43538236618042
23480,11270880,36,14.333280989999999,1.072786033153534,0.0008549671620130539,8.684699630737304
23500,11280480,36,2.9054707799999995,1.0730106115341187,0.0039096584543585776,16.859996700286864
23520,11290080,36,7.218325039999999,1.0724777221679687,0.0038352888077497482,14.426033556461334
23540,11299680,36,4.4496749499999995,1.0721963167190551,-0.004960726108402013,19.142865943908692
23560,11309280,36,2.1578128299999997,1.07190842628479,0.00010867118835449219,10.059549713134766
23580,11318880,36,8.10963493,1.0708112955093383,-0.0015614738687872887,9.521965146064758
23600,11328480,36,7.78326118,1.069388198852539,-0.00537518598139286,24.39673137664795
23620,11338080,36,11.140941069999998,1.068680226802826,-0.004562234878540039,7.716273212432862
23640,11347680,36,15.716228189999999,1.0670496582984925,0.012832821533083915,12.859481143951417
23660,11357280,36,7.37848907,1.0673821210861205,-0.003200995596125722,14.039578008651734
23680,11366880,36,9.527609350000002,1.0673911929130555,0.0004985377192497254,34.221837520599365
23700,11376480,36,11.65993222,1.066861355304718,-0.008070365805178881,11.778325653076172
23720,11386080,36,7.653230430000001,1.0670580744743348,0.00019493289291858674,32.52382459640503
23740,11395680,36,5.96120645,1.0674225449562074,-0.008530422393232585,21.02110438346863
23760,11405280,36,9.221204810000001,1.0669084191322327,-0.006750699132680893,8.035487174987793
23780,11414880,36,8.350944779999999,1.0661457300186157,0.005849276483058929,17.26642996072769
23800,11424480,36,6.99488788,1.066148316860199,-0.002411593962460756,9.436606526374817
23820,11434080,36,8.610159170000001,1.066081416606903,0.004522179067134857,14.827920055389404
23840,11443680,36,7.19672689,1.0667823672294616,-0.005361549556255341,9.829633367061614
23860,11453280,36,6.806404519999998,1.0664884567260742,0.0036990471184253693,23.798764419555663
23880,11462880,36,6.653662050000001,1.0665509104728699,0.0018701100721955299,32.35378761291504
23900,11472480,36,12.634253969999998,1.0669048190116883,-0.011913861054927111,3.231403148174286
23920,11482080,36,13.17136384,1.0655685782432556,0.0065133458003401755,37.628024673461915
23940,11491680,36,6.05821474,1.0650938272476196,-0.0007447775453329087,29.932496070861816
23960,11501280,36,4.9638968199999995,1.0655282855033874,-0.0011048499494791032,14.713172960281373
23980,11510880,36,7.35731173,1.0667228937149047,0.009833639673888683,27.417292976379393
24000,11520480,36,0.7386507800000005,1.0659903526306151,0.020545798540115356,33.923727703094485
24020,11530080,36,8.44606988,1.065944743156433,0.0005798369646072387,21.389445781707764
24040,11539680,36,5.29131591,1.0665430903434754,0.0135180096141994,12.226114654541016
24060,11549280,36,8.43712653,1.066214418411255,0.03763784496113658,23.153211402893067
24080,11558880,36,7.12545744,1.0654945015907287,0.0022691957652568816,32.39340567588806
24100,11568480,36,3.7530258300000003,1.0651252031326295,-0.00982498787343502,9.833338522911072
24120,11578080,36,11.5354977,1.0655518651008606,0.0010239078663289547,25.928738021850585
24140,11587680,36,8.46625225,1.0660955548286437,0.017293243505991995,14.892411494255066
24160,11597280,36,15.244104700000001,1.0656334519386292,0.0072878051549196245,16.273945689201355
24180,11606880,36,13.42309003,1.0650288105010985,0.011072226613759995,14.548715806007385
24200,11616480,36,9.927860400000002,1.0660232543945312,-0.007913588825613261,10.550449419021607
24220,11626080,36,16.85986263,1.0659120559692383,0.00018817968666553497,4.730356657505036
24240,11635680,36,18.50018795,1.0639757990837098,0.016778806992806494,15.101685523986816
24260,11645280,36,12.428470009999996,1.0633341908454894,0.004342997074127197,23.67507333755493
24280,11654880,36,11.145022679999997,1.0632208466529847,-0.006066689267754555,12.635465413331985
24300,11664480,36,12.799147379999997,1.0623061180114746,-0.0013283342123031616,11.15287163257599
24320,11674080,36,6.54661875,1.0631489038467408,0.002809756621718407,37.92405004501343
24340,11683680,36,12.368254729999999,1.0620192885398865,0.00903499275445938,18.151624631881713
24360,11693280,36,11.89835711,1.061839473247528,-0.010619447380304337,10.485954856872558
24380,11702880,36,9.029421469999999,1.0622133612632751,-0.004159552324563265,16.72409906387329
24400,11712480,36,8.57048592,1.0626820206642151,-0.002194778621196747,17.022896480560302
24420,11722080,36,8.88951239,1.0627551198005676,0.005391074717044831,12.603494763374329
24440,11731680,36,10.08493024,1.0628445029258728,0.0005786038935184478,24.21272728443146
24460,11741280,36,5.478971420000001,1.0620527029037476,-0.0005823357030749321,3.6819321691989897
24480,11750880,36,2.6978504400000003,1.0621455430984497,0.0049462263355962936,16.436693096160887
24500,11760480,36,4.717536460000001,1.061689853668213,-0.00040836893022060393,21.53098545074463
24520,11770080,36,8.606540260000001,1.0617714643478393,0.007629281282424927,9.34839677810669
24540,11779680,36,10.554055479999999,1.0618821620941161,-0.007708549231756479,11.001745867729188
24560,11789280,36,12.308451039999998,1.0604339718818665,-0.0033857260481454433,5.317052674293518
24580,11798880,36,7.396299580000001,1.0616280674934386,0.004884839174337685,6.720157217979431
24600,11808480,36,11.55145893,1.0626683592796327,-0.016032753884792326,17.90858061313629
24620,11818080,36,12.839867219999997,1.0619398951530457,0.0019915973767638206,5.158409821987152
24640,11827680,36,13.176286900000001,1.061557936668396,-0.004323851520894095,34.241244888305665
24660,11837280,36,13.67372622,1.0630943775177002,-0.011530881002545356,12.602645540237427
24680,11846880,36,9.31063849,1.063899528980255,-0.0157675021328032,11.559653741121291
24700,11856480,36,13.20768421,1.063569927215576,-0.012033653631806373,2.0874489068984987
24720,11866080,36,11.301333140000002,1.064519989490509,0.021373061649501323,29.578858184814454
24740,11875680,36,14.996302230000001,1.0647626757621764,-0.006350986659526825,8.238962888717651
24760,11885280,36,9.866755490000001,1.0660096764564515,-0.002026840299367905,18.404628348350524
24780,11894880,36,7.731360180000001,1.066484773159027,0.001717841997742653,20.987560176849364
24800,11904480,36,8.73284169,1.067379903793335,0.005680239200592041,31.951690673828125
24820,11914080,36,10.002328330000001,1.0677468538284303,-0.009416791750118137,25.873219299316407
24840,11923680,36,8.72267579,1.0678069710731506,0.0033983929082751275,31.08956022262573
24860,11933280,36,7.2480398500000005,1.0677089810371398,-0.00995880588889122,32.11514549255371
24880,11942880,36,6.934896160000001,1.0686287999153137,-0.003059980273246765,15.23440728187561
24900,11952480,36,1.8253393999999998,1.0689078330993653,0.001590244472026825,19.25220470428467
24920,11962080,36,7.2149926099999995,1.0688820838928224,0.008945067971944809,30.43980827331543
24940,11971680,36,7.538277710000001,1.068577802181244,0.008821958675980568,14.611119794845582
24960,11981280,36,5.57805641,1.0690440893173219,0.01008484922349453,30.627989101409913
24980,11990880,36,4.79048333,1.0685432195663451,-0.0034448888152837755,26.051972723007204
25000,12000480,36,11.543437099999998,1.0676698446273805,0.004876372031867504,8.930667734146118
25020,12010080,36,9.256626739999998,1.066555392742157,-0.008566921949386597,22.16286655664444
25040,12019680,36,6.85366542,1.0658650517463684,0.0019077656790614129,15.404168844223022
25060,12029280,36,11.176925600000004,1.0661290526390075,-0.0005840331315994263,28.219634532928467
25080,12038880,36,7.829252309999999,1.0653810858726502,0.02108871609380003,5.608384764194488
25100,12048480,36,11.213480069999997,1.066087543964386,0.011140222102403641,12.242072057723998
25120,12058080,36,11.636037200000006,1.066144835948944,-0.001546718689496629,4.166541445255279
25140,12067680,36,10.129244819999998,1.0659467458724976,0.011422432586550712,13.16507842540741
25160,12077280,36,15.907898110000001,1.0651493668556213,-0.001972808316349983,18.50890917778015
25180,12086880,36,14.24677373,1.06502103805542,-6.919503211975098e-05,20.573553252220155
25200,12096480,36,14.1485331,1.064544916152954,0.0055257948319194835,2.5543787360191343
25220,12106080,36,12.787540900000003,1.0644815921783448,4.5614689588546754e-05,18.707321667671202
25240,12115680,36,12.789467939999998,1.0640912532806397,0.0042076475918293,16.751430487632753
25260,12125280,36,9.75443014,1.0642402172088623,-0.0026403864612802863,7.735590171813965
25280,12134880,36,12.29598069,1.064114010334015,-0.009933688491582871,17.295597505569457
25300,12144480,36,14.96991745,1.0642292618751525,-0.003208836168050766,7.4669325113296505
25320,12154080,36,16.217354370000002,1.0639501094818116,-0.007270299643278122,8.978197383880616
25340,12163680,36,15.032887109999999,1.0642539143562317,0.0037017105147242545,18.48743906021118
25360,12173280,36,15.046785799999999,1.0647895455360412,0.009897680208086967,28.543450927734376
25380,12182880,36,12.28699134,1.0655240654945373,0.006937753036618232,20.043576622009276
25400,12192480,36,13.683475450000003,1.065836775302887,0.0011071480810642242,20.18060450553894
25420,12202080,36,14.11173368,1.0644356966018678,0.000780060887336731,30.738093852996826
25440,12211680,36,11.45477712,1.065200388431549,-0.0034820545464754105,14.779671382904052
25460,12221280,36,9.174781759999998,1.0636910557746888,0.0035542016150429843,28.506122398376466
25480,12230880,36,14.280796939999998,1.0646697282791138,0.006252868101000786,28.05304365158081
25500,12240480,36,7.492891879999999,1.0637223720550537,-0.0017210060264915227,31.825848007202147
25520,12250080,36,7.04686357,1.0641525983810425,-0.0004040420055389404,4.460860681533814
25540,12259680,36,10.064801189999999,1.0633426666259767,-0.003991183079779148,13.046488571166993
25560,12269280,36,4.72483927,1.0626527905464171,-0.006789007969200611,16.10182993412018
25580,12278880,36,5.566827400000001,1.062889301776886,0.007249057292938232,12.16327199935913
25600,12288480,36,8.140567019999999,1.0629002571105957,0.014050725847482681,17.426973247528075
25620,12298080,36,7.705832190000001,1.0640938997268676,-0.004332585632801056,21.803140354156493
25640,12307680,36,14.966497920000002,1.0635098695755005,-0.0012957483530044555,27.984847497940063
25660,12317280,36,5.92542657,1.0639854073524475,0.004801550786942244,26.73279438018799
25680,12326880,36,2.71104223,1.0644452214241027,0.0029026534408330916,17.923845291137695
25700,12336480,36,1.38524805,1.0651971697807312,0.002410101890563965,31.89341220855713
25720,12346080,36,6.843003379999999,1.0663476228713988,0.006599884084425867,9.215782928466798
25740,12355680,36,6.966036129999997,1.067708921432495,-0.0017794954008422792,13.37344708442688
25760,12365280,36,4.17005134,1.0681106448173523,0.0022699542343616484,16.609347772598266
25780,12374880,36,2.2816505499999997,1.0675804138183593,-0.003326132521033287,7.037582969665527
25800,12384480,36,10.40521714,1.0665709972381592,-0.0029224608093500136,13.809009981155395
25820,12394080,36,13.68886404,1.066176187992096,-0.000496010947972536,8.393458557128906
25840,12403680,36,12.533735840000002,1.0665805339813232,-0.009331536665558814,11.744046425819397
25860,12413280,36,10.696447689999998,1.0680737018585205,-0.0006964314728975296,12.033520674705505
25880,12422880,36,12.464769859999999,1.0688477635383606,0.009726145258173346,8.421551775932311
25900,12432480,36,8.19061711,1.0695699214935304,0.005774059146642685,20.175951957702637
25920,12442080,36,10.675280280000003,1.0703281164169312,0.013532469281926751,23.291521263122558
25940,12451680,36,7.178011890000001,1.0709563493728638,0.02028342831908958,32.49628047943115
25960,12461280,36,7.275124579999999,1.0718281030654908,-0.0033755202835891395,14.463279962539673
25980,12470880,36,10.41439944,1.0716687321662903,-0.005044746771454811,22.02955937385559
26000,12480480,36,11.27873279,1.0717450737953187,0.002136830985546112,17.447680854797362
26020,12490080,36,5.703155129999999,1.0724477887153625,-0.004657169803977013,19.279109907150268
26040,12499680,36,3.02972625,1.0720277428627014,0.01861141752451658,46.09639301300049
26060,12509280,36,1.3769333799999999,1.0716320991516113,0.013246605917811394,22.552094078063966
26080,12518880,36,6.48009227,1.0718456506729126,0.0064172036945819855,15.798104763031006
26100,12528480,36,3.6584993800000003,1.0718120098114015,0.0002627267444040626,15.905563259124756
26120,12538080,36,6.374575339999999,1.0717435598373413,0.004473934322595597,41.150261306762694
26140,12547680,36,11.1679005,1.0730584144592286,-0.008802816597744822,7.730625915527344
26160,12557280,36,10.774613869999998,1.072639489173889,0.017219846422813136,15.567704963684083
26180,12566880,36,10.08505443,1.0720960974693299,-0.0026639308780431747,4.506601345539093
26200,12576480,36,10.428154990000001,1.070902907848358,0.0010133245959877968,36.51188902854919
26220,12586080,36,12.62682168,1.0716495633125305,-0.0005450308322906494,11.925185775756836
26240,12595680,36,13.701213889999998,1.0718928217887878,0.008898461004719138,18.325586366653443
26260,12605280,36,14.588503839999998,1.0718823790550231,0.00040633417665958405,21.377137184143066
26280,12614880,36,9.763573479999998,1.0725390434265136,0.001300782710313797,35.667668437957765
26300,12624480,36,8.871289149999999,1.072995662689209,0.0008536246139556169,28.915546083450316
26320,12634080,36,8.572852169999999,1.074057698249817,0.007348752953112126,26.65020179748535
26340,12643680,36,9.197917359999998,1.0751108050346374,0.002549450844526291,57.60080757141113
26360,12653280,36,6.21845028,1.0745601773262023,0.010442381352186203,10.249223518371583
26380,12662880,36,3.8355777600000005,1.0743775248527527,-0.00662187822163105,19.94339175224304
26400,12672480,36,6.79079082,1.0726970434188843,0.006331082666292787,40.404557418823245
26420,12682080,36,7.31451516,1.0721107125282288,0.017958664894104005,17.5616286277771
26440,12691680,36,14.886511300000002,1.0721174836158753,0.0005245648324489593,11.872359740734101
26460,12701280,36,7.59380932,1.0725704550743103,-0.0033563079312443735,22.517198371887208
26480,12710880,36,11.134483940000003,1.072592854499817,-0.00787648414261639,7.71703143119812
26500,12720480,36,9.87049386,1.0723162770271302,0.005820160172879696,31.944278717041016
26520,12730080,36,11.332038380000002,1.0720663189888,0.004955775383859873,31.57630338668823
26540,12739680,36,8.077502509999999,1.072236680984497,0.009377248992677778,23.52295866012573
26560,12749280,36,14.088067169999999,1.0723349452018738,-0.002336844801902771,15.179272508621215
26580,12758880,36,15.56188776,1.0712538361549377,-0.0007279008626937866,7.324885034561158
26600,12768480,36,16.91523293,1.0698848128318788,-0.014059164375066758,2.746674579381943
26620,12778080,36,13.735987,1.0685218930244447,-0.00909833051264286,29.357086086273192
26640,12787680,36,10.12136476,1.0683334946632386,-0.0026774398982524874,17.498936033248903
26660,12797280,36,6.955702119999999,1.067600464820862,-0.0035919954883866013,18.812608909606933
26680,12806880,36,8.53658113,1.0674551606178284,0.008996726386249066,35.31736421585083
26700,12816480,36,5.467192170000001,1.067221450805664,0.018334411084651947,40.30876140594482
26720,12826080,36,8.04469696,1.0665902256965638,0.00896494584158063,16.516007661819458
26740,12835680,36,10.85108574,1.0671480178833008,0.0011008113622665405,18.254945468902587
26760,12845280,36,12.417594189999999,1.0676383256912232,0.007507578004151583,19.269204330444335
26780,12854880,36,11.079343719999999,1.0669373393058776,0.0006226898403838277,9.120935010910035
26800,12864480,36,8.572169680000002,1.0673297762870788,-0.0011640198528766633,28.181170964241026
26820,12874080,36,9.80353829,1.0660651206970215,0.002863996382802725,13.449722814559937
26840,12883680,36,11.723120630000004,1.0666955351829528,-0.0014492798916762694,16.365348052978515
26860,12893280,36,10.050484400000002,1.065971577167511,0.007676074281334877,35.99119758605957
26880,12902880,36,4.1741515399999995,1.066300642490387,-0.012762188911437988,19.980764174461363
26900,12912480,36,8.618289100000002,1.0666695952415466,0.0060582712292671205,7.32238073348999
26920,12922080,36,4.09497246,1.067206335067749,0.02489248476922512,47.33417015075683
26940,12931680,36,3.1351671,1.0672107934951782,-0.005382833548355848,11.357687544822692
26960,12941280,36,4.10891416,1.0670216798782348,1.401156187057495e-05,16.004757499694826
26980,12950880,36,6.89209795,1.0663931727409364,0.0020476683974266054,32.271676540374756
27000,12960480,36,11.546352900000002,1.0669708490371703,0.0026074611814692616,19.50497350692749
27020,12970080,36,8.53590612,1.0662127137184143,0.005200738413259387,16.509030985832215
27040,12979680,36,7.96098754,1.066148614883423,2.348683774471283e-05,16.210134744644165
27060,12989280,36,6.861207159999999,1.0668353199958802,-0.0012517846887931227,16.258607721328737
27080,12998880,36,7.50247503,1.0671123147010804,-0.0021152131259441374,14.949240708351136
27100,13008480,36,8.844985809999999,1.0657799005508424,-0.001695137470960617,38.17830410003662
27120,13018080,36,11.67292742,1.067114269733429,0.008882363513112067,20.93731908798218
27140,13027680,36,7.844475009999999,1.0674346446990968,0.0011935330927371978,32.810286331176755
27160,13037280,36,8.611412510000001,1.0674713134765625,0.0001370606943964958,18.852467155456544
27180,13046880,36,7.864428490000002,1.0675431966781617,-0.004660557815805077,20.126643085479735
27200,13056480,36,6.564280990000001,1.0679978251457214,-0.008233307301998139,13.859965991973876
27220,13066080,36,7.500406420000001,1.066852879524231,-0.002026575058698654,42.026773834228514
27240,13075680,36,3.53456819,1.0675429701805115,0.009355713403783739,19.755691623687746
27260,13085280,36,9.404821839999999,1.0681845545768738,0.006489499425515533,26.268852186203002
27280,13094880,36,5.8547206,1.0672749280929565,0.0030788183212280273,38.17666721343994
27300,13104480,36,2.9942754699999994,1.0662707328796386,0.0037979094311594965,20.496826648712158
27320,13114080,36,7.51047053,1.0660954594612122,-0.001014711894094944,22.440758991241456
27340,13123680,36,6.448899730000001,1.0666526198387145,0.009688688442111015,25.031794548034668
27360,13133280,36,5.17464355,1.066182839870453,-0.00035880468785762785,13.999469661712647
27380,13142880,36,8.607454409999997,1.064556896686554,0.01831202828325331,11.604522514343262
27400,13152480,36,8.14149716,1.0648221969604492,-0.009035000950098038,24.869650888442994
27420,13162080,36,8.414193979999999,1.065833830833435,-0.013455093605443835,19.58046998977661
27440,13171680,36,7.232661079999999,1.0662643432617187,-0.020136908814311027,10.755234003067017
27460,13181280,36,11.15858166,1.0655710101127625,0.005376992601668462,22.79669256210327
27480,13190880,36,12.12525003,1.0645129442214967,0.0013977374881505966,15.829777765274049
27500,13200480,36,7.20423482,1.0649705529212952,-0.0005539394915103912,25.369040489196777
27520,13210080,36,7.53858112,1.065478217601776,-0.014843036467209459,9.132543349266053
27540,13219680,36,6.95781814,1.0657454967498778,0.0033541761338710787,21.441653180122376
27560,13229280,36,5.133191029999999,1.0652105331420898,0.002142930030822754,43.18390827178955
27580,13238880,36,8.41263575,1.0653886437416076,0.004694636585190893,18.001361751556395
27600,13248480,36,7.837657469999997,1.0658759713172912,-0.0010520529001951217,32.94953851699829
27620,13258080,36,6.51664078,1.0658317685127259,-0.004844772070646286,18.776897621154784
27640,13267680,36,11.854068380000001,1.0665398120880127,-0.0033439205959439277,12.62543020248413
27660,13277280,36,9.993188019999998,1.0663887977600097,0.02095805756980553,24.124027919769286
27680,13286880,36,1.17840339,1.0668575167655945,-0.0027358394116163256,19.304853916168213
27700,13296480,36,1.73109645,1.0677052021026612,-0.0018510554655222222,71.19667587280273
27720,13306080,36,3.8613477499999997,1.0677811622619628,-0.011123983561992646,26.16106834411621
27740,13315680,36,3.3724969199999997,1.0676442623138427,0.00014297524467110634,33.13935146331787
27760,13325280,36,5.86653334,1.066685724258423,-0.0005248559638857842,13.37736144065857
27780,13334880,36,9.65725561,1.06717529296875,-0.003235779970418662,21.42916684150696
27800,13344480,36,5.3987032699999995,1.0659988045692443,0.005795696936547756,23.90737121105194
27820,13354080,36,2.4217737400000003,1.0646782517433167,-0.002721176203340292,2.8058253169059753
27840,13363680,36,7.57131797,1.0632047295570373,-0.013345616683363915,18.58076242208481
27860,13373280,36,11.25869952,1.0627075552940368,-0.00852623637765646,20.14344244003296
27880,13382880,36,12.698132510000002,1.0629157900810242,-0.005069912597537041,13.712279033660888
27900,13392480,36,12.551477400000001,1.062704622745514,-0.00028155520558357237,32.69942359924316
27920,13402080,36,9.891820609999998,1.061394703388214,0.012636694591492414,14.602696907520293
27940,13411680,36,-2.4326802100000005,1.0608523488044739,0.0015351533889770507,25.370644092559814
27960,13421280,36,5.860548020000001,1.0607969760894775,-0.007497964799404145,23.592157745361327
27980,13430880,36,3.40244158,1.0609859704971314,-0.0013667745515704155,37.631792831420896
28000,13440480,36,9.187842870000003,1.0609091162681579,0.016055870056152343,40.53010501861572
28020,13450080,36,12.436266510000003,1.060558545589447,0.004491103551117703,13.50266728401184
28040,13459680,36,8.01877309,1.0613093733787538,-0.005949896760284901,23.108327078819276
28060,13469280,36,9.460971449999999,1.0617461204528809,-0.005426756292581558,16.022463464736937
28080,13478880,36,6.7936485,1.0620540857315064,-0.001784350210800767,4.146108782291412
28100,13488480,36,8.30692786,1.0631939888000488,-0.0005063664633780718,11.711463165283202
28120,13498080,36,8.119509739999998,1.0623321652412414,-0.0031525509431958197,22.48959836959839
28140,13507680,36,16.14296181,1.0610755205154419,0.0034088840708136558,32.434892654418945
28160,13517280,36,11.822078390000003,1.0621333837509155,-0.0035689204931259157,24.31189069747925
28180,13526880,36,6.672297340000001,1.0620229840278625,-0.003557233139872551,7.782112550735474
28200,13536480,36,11.849342489999996,1.0624122977256776,-0.0051219075918197635,17.33536195755005
28220,13546080,36,6.782740159999999,1.0624573945999145,0.00912445280700922,13.256320571899414
28240,13555680,36,4.008391960000001,1.0628310322761536,0.02585548684000969,72.92045249938965
28260,13565280,36,5.773065419999999,1.0621542930603027,0.003977568447589874,6.752856826782226
28280,13574880,36,2.9448217000000003,1.0625676393508912,-0.0066487124189734455,36.30870685577393
28300,13584480,36,7.04098935,1.0616023898124696,-0.006154898181557655,19.050852870941164
28320,13594080,36,6.0222076499999995,1.0616822004318238,0.005894701182842255,15.814422416687012
28340,13603680,36,3.8749464000000007,1.060973060131073,-0.0030019898258615285,21.68443603515625
28360,13613280,36,6.632929039999999,1.0618864297866821,0.014324819296598434,39.6795431137085
28380,13622880,36,5.65300321,1.0623053312301636,-0.006307542696595192,12.158745956420898
28400,13632480,36,3.1484525800000007,1.062432050704956,0.0027572706341743468,14.099429297447205
28420,13642080,36,2.640537760000001,1.0622677206993103,0.0003616131842136383,21.95567169189453
28440,13651680,36,7.5586760700000015,1.061755406856537,0.0008515823632478714,15.211162328720093
28460,13661280,36,7.2662511499999995,1.0604893922805787,-0.0024517813115380706,29.42001528739929
28480,13670880,36,3.8001908499999995,1.0601835250854492,-0.006239492446184158,23.941934478282928
28500,13680480,36,4.79203322,1.05979083776474,0.009898156672716141,26.84085865020752
28520,13690080,36,6.22000644,1.060422921180725,0.013076495379209518,38.57966375350952
28540,13699680,36,5.266398379999998,1.0585346341133117,0.005347106978297234,41.54289379119873
28560,13709280,36,4.411491280000001,1.0576932430267334,0.007568255066871643,27.302225255966185
28580,13718880,36,11.026380270000002,1.056660807132721,0.00773637592792511,8.921628403663636
28600,13728480,36,12.51701235,1.055466651916504,0.008402886986732482,17.385013771057128
28620,13738080,36,9.93008502,1.056844127178192,0.002621626853942871,19.296443748474122
28640,13747680,36,9.9530239,1.0557722330093384,0.0029504990205168726,14.636123633384704
28660,13757280,36,6.631681920000001,1.0558359026908875,0.008632826246321201,32.43892879486084
28680,13766880,36,13.208597969999998,1.0561636328697204,-0.0035571252985391764,29.64712247848511
28700,13776480,36,13.46327755,1.0550844311714171,0.0069428011775016785,16.498706662654875
28720,13786080,36,9.399406489999999,1.0549280643463135,0.009702070895582438,32.353898429870604
28740,13795680,36,11.922571669999998,1.0552149891853333,0.006369085889309645,31.91795778274536
28760,13805280,36,10.619286479999998,1.054913830757141,-0.0030993416905403135,8.683712339401245
28780,13814880,36,10.898600859999998,1.0549777388572692,-0.005542054283432662,32.819188022613524
28800,13824480,36,12.218343630000001,1.0538581609725952,0.010274903289973736,24.729883003234864
28820,13834080,36,14.263055829999999,1.052316415309906,-0.0007015921175479889,13.403678596019745
28840,13843680,36,3.954987499999999,1.0533432722091676,0.0006878942251205445,37.048148441314694
28860,13853280,36,5.596884569999999,1.0541037917137146,0.005280180275440216,31.214599800109863
28880,13862880,36,7.15832601,1.05433509349823,0.005419076234102249,27.211426544189454
28900,13872480,36,7.43023844,1.0541298627853393,-0.001444065012037754,24.395796966552734
28920,13882080,36,11.38458711,1.0542159676551819,-0.0006679447367787361,16.742269611358644
28940,13891680,36,7.5561088000000005,1.054021668434143,0.0024491592310369016,30.137104034423828
28960,13901280,36,8.55806205,1.0537073016166687,-0.009751375764608383,12.154781579971313
28980,13910880,36,8.27001221,1.0547542214393615,-0.0006690993905067444,30.72546808719635
29000,13920480,36,5.504116,1.0542247295379639,-0.006297451816499234,12.571811151504516
29020,13930080,36,6.88032421,1.0539083123207091,0.0014164065942168236,28.711634254455568
29040,13939680,36,7.70099063,1.0541627407073975,0.015423424541950226,17.60012283325195
29060,13949280,36,8.22744948,1.0545228004455567,-0.0031846728175878524,14.259362602233887
29080,13958880,36,5.574794689999999,1.0545742630958557,0.024676865711808205,23.27852439880371
29100,13968480,36,9.023386840000002,1.0553601861000061,0.02261563315987587,16.94434461593628
29120,13978080,36,7.161586269999999,1.055048942565918,0.012842180207371712,20.035658836364746
29140,13987680,36,16.492284850000004,1.0547034978866576,0.0015231147408485413,19.478054666519164
29160,13997280,36,7.714724070000002,1.0532619118690492,0.0058065025135874745,24.043459439277648
29180,14006880,36,7.732113659999999,1.0533656001091003,-0.009898671740666031,18.373570442199707
29200,14016480,36,13.947246190000003,1.0525129556655883,0.004798976331949234,29.880909824371336
29220,14026080,36,16.884456380000003,1.0529798507690429,0.01735780742019415,23.316653394699095
29240,14035680,36,11.965086770000003,1.0522220611572266,0.02219047173857689,30.924419784545897
29260,14045280,36,17.69236623,1.052434241771698,0.0055068574845790865,17.48935955762863
29280,14054880,36,14.841666270000003,1.053182339668274,-0.005195741541683674,31.414759635925293
29300,14064480,36,11.508646610000001,1.054098665714264,-0.00495835617184639,24.783256924152376
29320,14074080,36,8.79065138,1.055176854133606,-0.0005301285535097122,22.15302209854126
29340,14083680,36,8.43665867,1.0563207626342774,0.014479031786322594,29.15552854537964
29360,14093280,36,9.657953099999999,1.0568591713905335,0.0052083879709243774,15.022759890556335
29380,14102880,36,9.82423597,1.055762481689453,0.00553757343441248,13.048018074035644
29400,14112480,36,7.27160101,1.0553314447402955,0.00047999289818108083,29.166908836364748
29420,14122080,36,10.82097037,1.0558315992355347,0.010994765162467956,24.484535503387452
29440,14131680,36,1.7525952599999999,1.0547868371009828,0.0038957901298999785,18.083536434173585
29460,14141280,36,8.77010169,1.0550728678703307,-0.0034160882234573363,29.068760442733765
29480,14150880,36,3.49203086,1.0556183218955995,0.00364418663084507,20.528904533386232
29500,14160480,36,5.084106309999999,1.0562267780303956,0.011127737164497376,25.92053747177124
29520,14170080,36,0.5796226999999995,1.0561315774917603,-0.003056102991104126,22.685479736328126
29540,14179680,36,2.44604575,1.0562613606452942,0.009607183188199997,18.305917263031006
29560,14189280,36,3.3344646,1.0559437274932861,0.007586794719099998,27.09269485473633
29580,14198880,36,5.381179659999999,1.0564913153648376,-0.0066183824092149734,14.433175325393677
29600,14208480,36,6.500253029999999,1.0561716079711914,0.0028814556077122687,8.712982654571533
29620,14218080,36,9.55653856,1.0555573582649231,-0.008029599813744426,10.84486494064331
29640,14227680,36,7.02079614,1.0552005648612977,0.0017539712600409985,22.11352825164795
29660,14237280,36,4.332968719999999,1.0556662201881408,0.009500285942340269,12.568530750274657
29680,14246880,36,10.474469690000001,1.0554872274398803,-0.002903949096798897,11.459288072586059
29700,14256480,36,9.768624729999999,1.0556318521499635,0.004947682470083236,10.688557696342468
29720,14266080,36,6.5262763900000005,1.0565613150596618,-0.0031973488279618324,10.764495873451233
29740,14275680,36,10.007992100000001,1.0564151287078858,0.012968223914504052,20.008607578277587
29760,14285280,36,9.14422084,1.056885027885437,-0.0034737464040517805,10.493920040130615
29780,14294880,36,4.62673608,1.0564555764198302,-0.00768266930244863,28.198058319091796
29800,14304480,36,6.61052411,1.0573153018951416,0.01362239420413971,14.814470720291137
29820,14314080,36,9.83073444,1.0581133484840393,-0.011658721417188645,26.10242075920105
29840,14323680,36,9.958191820000001,1.0580538511276245,0.0006565060466527939,29.114988136291505
29860,14333280,36,11.80320323,1.0581557989120483,-0.0024085981771349908,12.807904028892517
29880,14342880,36,11.03042726,1.0590820074081422,0.021272922973730603,21.50457897186279
29900,14352480,36,14.554187520000003,1.059022307395935,-0.0031293749809265135,3.3457634091377257
29920,14362080,36,13.171206280000002,1.058051085472107,-0.0039689745754003525,2.4907920241355894
29940,14371680,36,8.372236960000002,1.0582248091697692,0.008084818348288536,35.11314163208008
29960,14381280,36,8.480243299999998,1.0588673591613769,0.00612652525305748,20.475628757476805
29980,14390880,36,10.1663028,1.0603129625320435,-0.002898844238370657,3.2392067551612853
30000,14400480,36,8.65384761,1.060703945159912,-0.004736783530097455,38.132425689697264
30020,14410080,36,9.11181653,1.0605520725250244,-0.007812303677201271,18.94383789896965
30040,14419680,36,10.311324539999998,1.0599353790283204,0.002660496160387993,19.2930668592453
30060,14429280,36,11.86186321,1.0604234099388123,-0.0001654215157032013,17.31068925857544
30080,14438880,36,6.455787100000001,1.0616247534751893,-0.004450616613030434,5.7092429280281065
30100,14448480,36,6.690401469999999,1.062194287776947,0.0009334594011306763,21.283873772621156
30120,14458080,36,9.7565886,1.06316020488739,0.0053246129304170605,4.53120448589325
30140,14467680,36,9.98701734,1.0640739917755127,0.0009380303323268891,15.70640687942505
30160,14477280,36,12.03042178,1.064461362361908,0.01454354152083397,24.6803897857666
30180,14486880,36,9.438629800000001,1.0656159400939942,-0.008475148235447705,10.110118460655212
30200,14496480,36,7.944496109999999,1.066467022895813,0.0167673759162426,25.74479169845581
30220,14506080,36,11.928817330000001,1.0673091292381287,-0.0014067234704270958,10.14671094417572
30240,14515680,36,9.241904009999999,1.0670583128929139,0.0061093996278941635,27.342531394958495
30260,14525280,36,5.012918580000001,1.0673231959342957,0.016487603483255953,25.895668601989748
30280,14534880,36,6.834117599999998,1.0684411883354188,-0.0018965370953083038,16.581893467903136
30300,14544480,36,10.030390709999999,1.0688655853271485,0.013060162588953973,15.53912057876587
30320,14554080,36,8.96250013,1.069424843788147,-0.00421486257109791,22.124126434326172
30340,14563680,36,6.059912880000001,1.0699325442314147,0.010054682567715644,32.479068756103516
30360,14573280,36,5.5414408900000005,1.0696648240089417,0.006679974192229566,22.396325445175172
30380,14582880,36,3.59194887,1.0701521277427672,0.026948753371834756,27.72388610839844
30400,14592480,36,6.94130994,1.071490216255188,0.012254129722714424,10.320898509025573
30420,14602080,36,7.694834310000001,1.07106671333313,0.009129267185926437,35.618516540527345
30440,14611680,36,12.035347400000001,1.0718073487281798,-0.008583073318004609,9.802671766281128
30460,14621280,36,7.6765503000000015,1.0716747045516968,0.000903218612074852,21.562274932861328
30480,14630880,36,11.09675174,1.0720342159271241,-0.00964861512184143,5.763712978363037
30500,14640480,36,12.399852530000002,1.0719834566116333,-0.005281650088727474,6.083715510368347
30520,14650080,36,8.225631400000003,1.0726781010627746,-0.004485848452895879,18.611350750923158
30540,14659680,36,10.644065470000001,1.072959542274475,0.002907476760447025,29.474092864990233
30560,14669280,36,10.31270571,1.0732085943222045,0.008817144157364964,35.404812240600585
30580,14678880,36,5.619405430000001,1.0718867540359498,-0.019078767206519843,16.01794626712799
30600,14688480,36,3.2074167100000004,1.070998227596283,0.0017315726727247238,29.94159641265869
30620,14698080,36,2.45248942,1.0693268060684205,-0.006697729229927063,8.878843331336975
30640,14707680,36,0.0038046399999997326,1.0695367813110352,-0.003279305621981621,18.18383893966675
30660,14717280,36,6.21061367,1.070376169681549,0.009619002975523473,21.912126731872558
30680,14726880,36,2.052056510000001,1.069458019733429,-0.001206914259819314,27.04681749343872
30700,14736480,36,1.41090242,1.0696092605590821,0.008070846297778189,16.964135456085206
30720,14746080,36,4.707110729999999,1.0690929651260377,-0.0016779836034402252,19.829243183135986
30740,14755680,36,3.76949294,1.0693915963172913,0.004384328238666057,22.392385959625244
30760,14765280,36,2.3458337200000003,1.0691883444786072,-0.0033479078207165,29.501280117034913
30780,14774880,36,0.9742088699999997,1.0692681431770326,0.005158446729183197,16.630821990966798
30800,14784480,36,3.66405808,1.069368553161621,-0.00034997165203094484,24.93043918609619
30820,14794080,36,6.32135948,1.0685497999191285,-0.0034030884504318236,20.56865782737732
30840,14803680,36,8.73286609,1.0675172924995422,-0.002717389911413193,37.619059562683105
30860,14813280,36,6.089011099999999,1.0666096925735473,-0.0026660222560167313,10.233747577667236
30880,14822880,36,13.374994840000005,1.066463840007782,0.00046955682337284087,18.833445167541505
30900,14832480,36,9.931547329999999,1.0666617393493651,-0.008578242640942335,10.816330099105835
30920,14842080,36,6.43691022,1.066278874874115,0.0012203268706798553,12.00015206336975
30940,14851680,36,12.716675960000002,1.0666508436203004,0.0018768311478197575,17.465548586845397
30960,14861280,36,12.223314609999997,1.0659237265586854,0.0038512639701366426,20.036358332633974
30980,14870880,36,13.890082779999998,1.0660353541374206,-0.010456996038556099,9.98226547241211
31000,14880480,36,12.593609150000002,1.0674345374107361,-0.010554036893881857,20.876283288002014
31020,14890080,36,12.49143109,1.0666777849197389,0.0028082698583602904,21.027885818481444
31040,14899680,36,10.368518279999998,1.0666576862335204,-0.004550893884152174,2.17245831489563
31060,14909280,36,10.16959318,1.0653310060501098,-0.002670722082257271,25.409240531921387
31080,14918880,36,7.1910631,1.0645050406455994,0.013763085752725602,20.320736694335938
31100,14928480,36,7.40365717,1.0654190301895141,0.015329177677631377,24.066957855224608
31120,14938080,36,5.6324710200000005,1.0655415534973145,-0.0001312614418566227,28.104497241973878
31140,14947680,36,-0.9378353000000001,1.0662198424339295,0.0012503001838922501,23.68990535736084
31160,14957280,36,1.35374123,1.0665714979171752,-0.011862707138061524,18.51636552810669
31180,14966880,36,4.496012039999999,1.0676370859146118,0.006117956712841988,13.60562448501587
31200,14976480,36,5.85747093,1.0675722241401673,-0.00039864778518676757,13.659170758724212
31220,14986080,36,7.1442859599999995,1.0677981734275819,-0.0005599351599812508,16.578047847747804
31240,14995680,36,6.539445049999999,1.068238079547882,0.014854922890663147,19.390832138061523
31260,15005280,36,10.79460288,1.0674445748329162,0.0036377323791384696,14.912547159194947
31280,15014880,36,10.552456669999996,1.0672036767005921,-0.0060414250940084456,14.129800653457641
31300,15024480,36,15.016876270000001,1.06590017080307,0.00931154228746891,15.307159304618835
31320,15034080,36,14.053064419999998,1.0660891890525819,0.00019472101703286172,16.753640556335448
31340,15043680,36,10.45287862,1.0661834239959718,-0.0005242663552053273,25.250650882720947
31360,15053280,36,10.955595039999999,1.066415286064148,0.0022234871285036206,45.74958953857422
31380,15062880,36,8.33368458,1.0666278004646301,-0.0024187542498111726,40.271786308288576
31400,15072480,36,10.579335389999999,1.0670670032501222,0.0070138413459062575,31.640456771850587
31420,15082080,36,10.77071824,1.066768193244934,-0.004446141049265861,20.74906721115112
31440,15091680,36,8.677252949999998,1.0669414520263671,0.0010783180594444274,18.54753234386444
31460,15101280,36,6.567587379999999,1.0683115601539612,0.01093789404258132,25.789464664459228
31480,15110880,36,8.88374599,1.0675044775009155,-0.0027929315343499183,11.704754090309143
31500,15120480,36,8.733859840000001,1.0673579812049865,0.005916358353351825,27.109024310111998
31520,15130080,36,12.95643463,1.067347276210785,0.002092415280640125,5.686398816108704
31540,15139680,36,6.25150393,1.067775559425354,-0.0030811913311481476,17.826856946945192
31560,15149280,36,5.11656064,1.0685786008834839,-0.004026615805923939,22.00270309448242
31580,15158880,36,3.90449744,1.0691246271133423,0.00871940515935421,8.217459440231323
31600,15168480,36,5.953643379999999,1.0690179467201233,0.01149025692138821,35.41597948074341
31620,15178080,36,6.694997139999999,1.0695793986320496,0.0029202385107055307,17.755456113815306
31640,15187680,36,8.97335176,1.0695456862449646,0.0013422761112451553,8.809338665008545
31660,15197280,36,9.593462469999999,1.0689784646034242,0.009688477218151092,23.053680229187012
31680,15206880,36,9.6591786,1.0686020731925965,0.003708876669406891,27.84621286392212
31700,15216480,36,6.776504570000001,1.0676182746887206,0.0031791206449270247,30.59285795688629
31720,15226080,36,6.51109342,1.0677855849266051,0.0005779992789030075,25.966495478153227
31740,15235680,36,8.246750020000002,1.0688830494880677,0.007201891578733921,40.00152111053467
31760,15245280,36,8.11805089,1.0687455892562867,0.001347891241312027,28.46095790863037
31780,15254880,36,9.29817522,1.068099570274353,-0.014325480163097381,16.36280527114868
31800,15264480,36,4.360341690000001,1.068157184123993,0.0034495608415454626,17.44149684906006
31820,15274080,36,3.19476421,1.0685678839683532,-0.0010432053357362747,24.958188104629517
31840,15283680,36,7.86729473,1.0687625885009766,-0.0069201701669953765,12.137869834899902
31860,15293280,36,6.134921959999999,1.0673373579978942,0.003114945162087679,27.470678520202636
31880,15302880,36,12.699445149999999,1.067069661617279,0.020321241207420827,31.48327045440674
31900,15312480,36,5.53703469,1.0674352765083313,0.0174243641551584,34.65096302032471
31920,15322080,36,4.886968930000001,1.0682851791381835,0.010251770913600921,28.756818962097167
31940,15331680,36,4.138931230000001,1.0686941266059875,-0.010158431180752815,4.421527147293091
31960,15341280,36,6.99457241,1.0692700266838073,-0.009721126593649387,10.614712858200074
31980,15350880,36,10.610702700000001,1.0689101338386535,-0.004615192255005241,11.14516532421112
32000,15360480,36,10.40746169,1.0688255429267883,-0.0017092041671276093,13.738032722473145
32020,15370080,36,9.70887714,1.0678699970245362,-0.005060697195585817,3.1484232425689695
32040,15379680,36,11.08924145,1.0675894498825074,-0.0037699710577726365,10.47015676498413
32060,15389280,36,9.01006546,1.0679620504379272,-0.0009890596615150572,12.66106882095337
32080,15398880,36,9.275334590000003,1.0684376239776612,-0.0027801478281617165,5.484196758270263
32100,15408480,36,5.890624240000001,1.0682721257209777,-0.0035626922268420457,11.214119911193848
32120,15418080,36,7.26941764,1.0665576457977295,0.003251034766435623,27.629192066192626
32140,15427680,36,11.138960129999997,1.0664716839790345,0.0036006923764944077,10.852081418037415
32160,15437280,36,7.55412688,1.0653811335563659,0.0010780396638438105,4.64398500919342
32180,15446880,36,6.136998129999999,1.064770519733429,-0.0013023965060710908,11.831520581245423
32200,15456480,36,9.754645970000002,1.065458083152771,-0.005265654064714909,1.833149540424347
32220,15466080,36,5.15050848,1.0664262294769287,0.0015314221382141113,35.00931353569031
32240,15475680,36,7.1260605199999985,1.0667340159416199,-0.004563326761126518,6.039716845750808
32260,15485280,36,3.2244141600000003,1.0664682984352112,-0.0020393885672092436,16.939656329154968
32280,15494880,36,5.84640627,1.065797007083893,-0.010943552851676941,7.553761553764343
32300,15504480,36,7.473661170000001,1.065362274646759,0.000878433883190155,6.329717242717743
32320,15514080,36,5.90357217,1.0662447094917298,0.006731317937374115,19.651655197143555
32340,15523680,36,9.66182021,1.0656497359275818,-0.00889192782342434,21.253568410873413
32360,15533280,36,16.81724237,1.0654510140419007,-0.01798686869442463,1.6179837107658386
32380,15542880,36,13.199798130000003,1.0652119517326355,-0.00297221802175045,16.20425066947937
32400,15552480,36,14.181008840000002,1.065348505973816,-0.00039861760451458393,7.44531660079956
32420,15562080,36,16.65247618,1.0639131784439086,-0.012674756720662117,2.816575598716736
32440,15571680,36,11.69401692,1.064240574836731,0.005388929764740169,12.318301820755005
32460,15581280,36,14.756179940000003,1.0640753626823425,0.0001603551208972931,17.05381836891174
32480,15590880,36,12.086447870000002,1.0636616587638854,0.0012622783426195384,16.19238715171814
32500,15600480,36,15.372187939999998,1.0647960424423217,0.0032896529883146286,7.870646619796753
32520,15610080,36,8.324225649999999,1.0638873100280761,-0.0031394850462675094,23.578417253494262
32540,15619680,36,10.3384465,1.0639308094978333,-0.009014089603442698,10.929765725135804
32560,15629280,36,13.95442919,1.0643898129463196,0.0005256733857095242,28.90545997619629
32580,15638880,36,10.956492990000001,1.063804042339325,0.0018628448247909545,13.45364202260971
32600,15648480,36,11.348928739999998,1.0639570116996766,-0.006810441985726357,4.217400240898132
32620,15658080,36,11.809416399999998,1.0639042735099793,-0.011359387775883079,16.70429573059082
32640,15667680,36,9.592938,1.0644885301589966,0.018741922825574873,17.80161190032959
32660,15677280,36,14.520845610000002,1.0637816071510315,-0.007329816371202469,6.7172543704509735
32680,15686880,36,10.994274320000002,1.063942539691925,-0.005701567232608795,9.229698324203492
32700,15696480,36,11.15574769,1.0638787627220154,0.010550126433372498,25.556239128112793
32720,15706080,36,7.421764970000002,1.0643221616744996,-0.0006124746054410934,16.008168148994447
32740,15715680,36,11.56293973,1.0640064597129821,-0.005406440049409866,5.362166452407837
32760,15725280,36,9.98962951,1.0642470955848693,0.0019551597535610197,11.278853178024292
32780,15734880,36,11.05122008,1.064290189743042,-0.004987772926688195,6.166963994503021
32800,15744480,36,12.420421210000004,1.0648073554039001,-0.007352259755134582,9.906968593597412
32820,15754080,36,11.79828831,1.0643378734588622,-0.0020636700093746184,24.995425319671632
32840,15763680,36,13.42158868,1.0636851072311402,-0.0061595097184181215,15.853449940681458
32860,15773280,36,12.861753879999998,1.0633358836174012,-0.007655547186732292,20.64512782096863
32880,15782880,36,13.63853798,1.0631773352622986,0.0009471288649365306,13.363550853729247
32900,15792480,36,12.629728039999998,1.0636656999588012,0.009289794787764549,26.750747776031496
32920,15802080,36,8.611733069999998,1.063726270198822,-0.004878876265138388,14.988619709014893
32940,15811680,36,4.7621072,1.0643151164054871,0.003059968212619424,24.815372943878174
32960,15821280,36,8.71259776,1.064574384689331,0.005292944796383381,5.532093191146851
32980,15830880,36,4.02413533,1.0645493865013123,-0.004131337534636259,17.09826831817627
33000,15840480,36,5.64248014,1.0651526689529418,0.00037165917456150055,13.37570571899414
33020,15850080,36,7.28977859,1.0652493357658386,0.013288280740380288,28.970351886749267
33040,15859680,36,5.460909829999999,1.0656800985336303,0.014628812531009316,39.18787240982056
33060,15869280,36,11.571496639999998,1.0659751415252685,0.007789341360330581,13.272073316574097
33080,15878880,36,14.663737069999998,1.0659119129180907,-0.002069641649723053,14.85011920928955
33100,15888480,36,11.212341450000002,1.0638041615486145,0.0007505666464567185,20.6065523147583
33120,15898080,36,3.9798478000000004,1.0642483949661254,0.002374763414263725,28.215058898925783
33140,15907680,36,6.92391612,1.06387197971344,0.0025849193334579468,5.644165301322937
33160,15917280,36,11.29655726,1.0639096736907958,-0.010134757356718182,9.241433334350585
33180,15926880,36,13.43586681,1.0630511403083802,-0.00676079976838082,17.678211402893066
33200,15936480,36,11.12366182,1.0632570147514344,-0.015791069716215134,11.487325286865234
33220,15946080,36,12.5881355,1.0616739988327026,0.020882865693420172,18.100588536262514
33240,15955680,36,8.5221859,1.0610618591308594,0.005633449042215943,33.27380199432373
33260,15965280,36,10.096739009999999,1.0613362789154053,-0.0055586593225598335,11.965950679779052
33280,15974880,36,14.634865320000001,1.0606262803077697,-0.0031610157340764998,5.090173602104187
33300,15984480,36,12.304644760000004,1.0606112003326416,0.004558996018022299,11.487035703659057
33320,15994080,36,12.040625120000001,1.0600557923316956,-0.0008256112108938396,36.18676128387451
33340,16003680,36,8.98169476,1.0602388978004456,0.003296079859137535,3.144035744667053
33360,16013280,36,11.10024964,1.0602950572967529,0.016003407537937164,12.411019134521485
33380,16022880,36,14.5280735,1.0603318095207215,-0.001729936432093382,6.7698223948478695
33400,16032480,36,7.08431167,1.060721755027771,-0.0022994487546384333,60.22656669616699
33420,16042080,36,11.590681900000002,1.061505091190338,0.0030304773710668085,36.59635410308838
33440,16051680,36,13.942105059999994,1.0614468336105347,-1.5541911125183105e-06,11.290629267692566
33460,16061280,36,10.23239836,1.06226487159729,0.003955607861280441,10.057831072807312
33480,16070880,36,10.055429539999999,1.061782968044281,-0.004600158799439669,12.731466221809388
33500,16080480,36,11.066004840000003,1.061748206615448,0.002230687066912651,17.785398387908934
33520,16090080,36,11.51824797,1.0609382748603822,-0.00891481265425682,19.26689567565918
33540,16099680,36,4.4575203000000005,1.0607815861701966,-0.004708444513380527,28.657925510406493
33560,16109280,36,5.82633875,1.0610255241394042,-0.013970943912863732,33.792204189300534
33580,16118880,36,6.988903280000001,1.0613283395767212,-0.0067689224611967806,21.305026912689208
33600,16128480,36,3.6742583199999994,1.0607788920402528,0.00586523711681366,36.49139251708984
33620,16138080,36,5.840025999999999,1.0612214088439942,0.004841449856758118,18.008330607414244
33640,16147680,36,6.211874259999999,1.0612647533416748,-0.0028852930990979075,16.188379287719727
33660,16157280,36,5.120595529999999,1.0627570748329163,0.01910068402066827,24.920969867706297
33680,16166880,36,12.28605888,1.063051164150238,-0.004338771849870682,9.910305404663086
33700,16176480,36,15.722161100000001,1.0629668593406678,-0.011749322339892388,17.953036856651305
33720,16186080,36,16.20951573,1.0625192523002625,0.0067155763506889345,17.84278314113617
33740,16195680,36,15.32379802,1.0622109293937683,-0.009826463088393212,6.909310030937195
33760,16205280,36,15.058698270000002,1.0623606443405151,-0.009361043572425842,9.334323859214782
33780,16214880,36,15.658402989999999,1.060935139656067,0.0058809429407119754,24.613825273513793
33800,16224480,36,13.13321393,1.0613279581069945,-0.007377453148365021,13.090378499031067
33820,16234080,36,11.52365688,1.0622410655021668,0.0024678103625774385,19.68704137802124
33840,16243680,36,8.09355195,1.0610855102539063,-0.004491685051470995,5.436192631721497
33860,16253280,36,12.045587879999998,1.0606914043426514,-4.045814275741577e-05,29.333624124526978
33880,16262880,36,11.110884079999996,1.060855495929718,-0.00916222296655178,18.042126417160034
33900,16272480,36,11.87078211,1.0609613180160522,-0.005058593861758709,23.37433443069458
33920,16282080,36,10.301102380000001,1.061667251586914,-0.011211511783767492,7.85661563873291
33940,16291680,36,15.720561320000002,1.0623191475868226,-0.021936642564833166,2.511624574661255
33960,16301280,36,12.83096444,1.0614519000053406,-0.002424299344420433,31.254223155975343
33980,16310880,36,10.77142702,1.0597915410995484,-0.008149669459089636,10.354071259498596
34000,16320480,36,12.678633809999997,1.0591078519821167,-0.01708151139318943,12.745931148529053
34020,16330080,36,10.919472949999998,1.0580699563026428,0.0037625474855303765,27.815219342708588
34040,16339680,36,13.196504879999999,1.0575907349586486,0.0030851439805701375,15.570410907268524
34060,16349280,36,17.855111659999995,1.0570474982261657,-0.00030942857265472414,26.212355268001556
34080,16358880,36,9.27785108,1.056487238407135,0.00018169060349464415,29.632548117637633
34100,16368480,36,11.770641399999999,1.0573262333869935,-0.0004099298268556595,40.61899604797363
34120,16378080,36,8.37608779,1.0586732864379882,-0.010600464791059494,9.357759940624238
34140,16387680,36,7.03259751,1.059535801410675,0.015069539844989776,8.255176854133605
34160,16397280,36,8.70317145,1.0591691493988038,-0.002902470901608467,30.800597190856934
34180,16406880,36,7.512550690000001,1.0586954832077027,-0.00045266933739185333,23.726106262207033
34200,16416480,36,8.494815189999999,1.0590958833694457,8.647516369819642e-06,26.77180767059326
34220,16426080,36,14.31489042,1.0584571957588196,-0.003694208897650242,15.555814075469971
34240,16435680,36,12.633053740000001,1.0577980041503907,-0.000479639507830143,11.468829202651978
34260,16445280,36,13.897562780000001,1.0579885244369507,-0.009990390736493281,4.804005646705628
34280,16454880,36,16.975375630000002,1.0574588894844055,0.003912189602851867,27.923395490646364
34300,16464480,36,11.291858670000003,1.0578115582466125,0.002595815993845463,21.745746088027953
34320,16474080,36,15.220232460000002,1.0585918307304383,0.00044870041310787203,7.958826351165771
34340,16483680,36,17.06414946,1.0583892107009887,-0.007785749458707869,24.509813833236695
34360,16493280,36,18.0541409,1.0582352876663208,-0.007459299510810524,10.390787029266358
34380,16502880,36,14.4222091,1.0578850746154784,-0.012039292603731155,5.516875147819519
34400,16512480,36,12.757048089999998,1.0579099893569945,-0.009626510925590992,16.37213726043701
34420,16522080,36,13.455227659999998,1.058484101295471,-0.008668193779885768,2.0642760694026947
34440,16531680,36,14.38210208,1.058672034740448,-0.013835718925110995,2.52033017873764
34460,16541280,36,11.948251459999996,1.0585405588150025,0.007519987598061562,38.78309783935547
34480,16550880,36,10.02808592,1.0588517785072327,-0.0011722531169652938,12.338255500793457
34500,16560480,36,9.490322180000003,1.0591042160987854,0.005089282139670104,22.339529037475586
34520,16570080,36,12.737896919999999,1.0589538097381592,0.0022713798098266125,7.102266037464142
34540,16579680,36,11.635466229999999,1.059216821193695,0.002202371507883072,25.57182083129883
34560,16589280,36,13.10758872,1.0596749782562256,-0.00738047081977129,3.3186375975608824
34580,16598880,36,15.944985850000002,1.059064257144928,-0.01143283024430275,7.073605680465699
34600,16608480,36,15.339133309999998,1.0589080452919006,-0.003947534784674645,11.808233511447906
34620,16618080,36,15.206894370000002,1.058545422554016,0.0024510588496923446,2.3987094283103945
34640,16627680,36,16.79045591,1.0574360013008117,0.021550879627466202,25.60700602531433
34660,16637280,36,14.486861370000002,1.0588436245918273,0.002202298864722252,14.260014081001282
34680,16646880,36,14.612678620000002,1.0587475657463075,0.003053462505340576,9.18493456840515
34700,16656480,36,14.03373143,1.0588292837142945,0.004933793369855266,23.149958515167235
34720,16666080,36,15.18659075,1.059112811088562,-0.0006125018000602723,2.769328701496124
34740,16675680,36,11.036221960000002,1.058950173854828,0.014234678680077195,11.667508435249328
34760,16685280,36,12.80460879,1.0589149951934815,-0.004482990503311158,8.954229372739793
34780,16694880,36,9.985995729999999,1.0593599438667298,0.007802201434969902,25.272826194763184
34800,16704480,36,9.06713441,1.05930997133255,-0.002139272727072239,10.183734846115112
34820,16714080,36,12.637154270000002,1.058966827392578,0.00036374032497406007,20.650342810153962
34840,16723680,36,13.19724134,1.0587065815925598,0.0024688690900802612,18.32763991355896
34860,16733280,36,12.906052100000002,1.0586320161819458,-0.0020687781274318696,18.57192839384079
34880,16742880,36,6.996103379999998,1.0586270689964294,-0.005022667348384857,18.605453062057496
34900,16752480,36,11.45542914,1.0593344926834107,0.013033775240182876,37.80774793624878
34920,16762080,36,17.38359842,1.0587116360664368,-0.01212393380701542,2.3782102465629578
34940,16771680,36,13.581626850000003,1.0577808380126954,0.00119716115295887,10.181723606586456
34960,16781280,36,9.04163623,1.0588408350944518,0.0009149597026407719,16.408028650283814
34980,16790880,36,10.14875912,1.0591439604759216,0.008532191580161452,16.207095670700074
35000,16800480,36,11.001032069999999,1.0584936499595643,-0.0037806287407875063,21.587917423248292
35020,16810080,36,12.311378079999999,1.0588127017021178,0.01467365976423025,27.16155376434326
35040,16819680,36,11.115190539999997,1.058681035041809,0.01608373485505581,30.06019229888916
35060,16829280,36,7.952754930000001,1.0576642036437989,0.01672191023826599,37.1438206911087
35080,16838880,36,11.434453420000002,1.0578937530517578,-0.00029365490190684794,29.94639778137207
35100,16848480,36,9.28524542,1.057701790332794,0.020148086780682205,13.771391773223877
35120,16858080,36,15.440082020000002,1.0577397346496582,0.0013665314763784409,12.205767858028413
35140,16867680,36,11.71269325,1.057361626625061,-0.007465911284089089,9.273710298538209
35160,16877280,36,12.960839190000002,1.056240439414978,-0.004500262066721916,23.424343329668044
35180,16886880,36,12.69941012,1.0559500932693482,-0.005092453956604004,8.403011679649353
35200,16896480,36,13.132013310000001,1.054963433742523,0.0039202854037284855,29.816615295410156
35220,16906080,36,16.12700991,1.0546181559562684,-0.0033292800188064577,10.487201261520386
35240,16915680,36,13.388086890000002,1.0536136627197266,-0.006384456157684326,10.182429075241089
35260,16925280,36,14.781729679999996,1.0527474999427795,-0.003771989792585373,15.31583240032196
35280,16934880,36,20.08701656,1.051192581653595,-0.006373043730854988,10.057745897769928
35300,16944480,36,18.40767489,1.0509405612945557,-0.0028200313448905946,19.372979736328126
35320,16954080,36,18.26832838,1.0517400979995728,-0.015481431782245637,2.3469692170619965
35340,16963680,36,17.22895315,1.0512564778327942,-0.005271686613559723,2.9104198276996613
35360,16973280,36,16.684994789999998,1.0510632872581482,-0.014267700165510178,16.88340806365013
35380,16982880,36,16.05117622,1.0504295110702515,-0.012030473351478577,2.4884692430496216
35400,16992480,36,18.28979806,1.0498743295669555,-0.002903498872183263,12.960165810585021
35420,17002080,36,15.565001440000003,1.050099503993988,-0.0006241835653781891,13.45608024597168
35440,17011680,36,15.365784940000001,1.0504372715950012,0.019724188116379084,31.73204650878906
35460,17021280,36,9.239352490000002,1.0505161523818969,0.005929977260529995,33.244824981689455
35480,17030880,36,12.445194960000002,1.0511466145515442,0.002830293774604797,19.672359418869018
35500,17040480,36,15.97241122,1.0507542133331298,-0.008461290132254362,3.904891860485077
35520,17050080,36,13.7022949,1.050734782218933,0.01002531498670578,30.925897550582885
35540,17059680,36,16.45506381,1.0515278100967407,0.00900282096117735,20.52050437927246
35560,17069280,36,13.33594956,1.0520333290100097,-0.006692986469715834,12.2159414768219
35580,17078880,36,15.29560247,1.051341164112091,-0.005874885991215706,13.591213953495025
35600,17088480,36,13.78839963,1.0494300365447997,-0.005736435949802399,9.05787935256958
35620,17098080,36,13.904787129999997,1.0508771181106566,0.00972403921186924,23.288111877441406
35640,17107680,36,13.914063650000001,1.0514976620674132,-0.006934802234172821,23.877713751792907
35660,17117280,36,17.24757468,1.0508759140968322,0.005340763367712498,23.07471368312836
35680,17126880,36,14.074412960000002,1.051320207118988,0.004709431249648332,31.845469498634337
35700,17136480,36,11.03272431,1.0513904094696045,0.0022213935852050783,27.725904941558838
35720,17146080,36,12.082130129999998,1.0509292960166932,-0.009252222999930382,23.38375759124756
35740,17155680,36,6.823389030000002,1.051035511493683,-0.004886763542890549,22.813601303100587
35760,17165280,36,11.131089859999998,1.0513110041618348,-0.012832488678395749,13.372115182876588
35780,17174880,36,13.28803668,1.0511645793914794,0.005880877003073692,21.15994291305542
35800,17184480,36,11.120996049999999,1.0511099219322204,0.0040148342028260234,30.720654106140138
35820,17194080,36,13.37336123,1.0513516545295716,0.0031219059601426125,19.306468617916106
35840,17203680,36,4.093287730000001,1.0514096379280091,0.0075093679130077366,41.57714424133301
35860,17213280,36,4.60202825,1.051781451702118,0.0055961087346076965,17.866160535812377
35880,17222880,36,10.32278607,1.052864408493042,-0.007514045760035515,17.822936153411867
35900,17232480,36,10.628549929999997,1.0528877139091493,-0.011396379658253863,5.243072128295898
35920,17242080,36,7.215587880000002,1.0531051874160766,0.005342109501361847,17.925802135467528
35940,17251680,36,7.696067580000001,1.0529370427131652,-0.00850067026913166,12.568295753002166
35960,17261280,36,9.06659204,1.0518255472183227,-0.0007994595915079116,19.093058133125304
35980,17270880,36,9.932703689999999,1.0522388815879822,-0.007024867855943739,19.202855515480042
36000,17280480,36,4.267306759999999,1.0517631769180298,0.0033116101287305353,31.344091415405273
36020,17290080,36,9.0205476,1.0524775028228759,0.0017271263292059301,19.01338396072388
36040,17299680,36,9.6766208,1.0523009896278381,-0.008591913245618343,13.802667713165283
36060,17309280,36,13.872005319999998,1.0525884985923768,-0.016362817911431193,3.6924346446990968
36080,17318880,36,12.45883791,1.0527963519096375,0.01286175288259983,12.985633420944215
36100,17328480,36,9.26614127,1.0542350172996522,-0.008183009177446365,10.280239862203597
36120,17338080,36,13.682215869999999,1.056949293613434,0.016049649566411972,15.355152320861816
36140,17347680,36,7.081621559999999,1.0575642943382264,-0.007322440936695785,27.54091100692749
36160,17357280,36,10.482688809999999,1.058270239830017,-0.0020993728190660476,21.473951721191405
36180,17366880,36,14.922247400000002,1.0579357385635375,-0.0011195302009582519,24.638426637649538
36200,17376480,36,14.037671480000004,1.0565319657325745,0.001571484375745058,16.59251136779785
36220,17386080,36,12.504984100000001,1.056962752342224,-0.0012808397179469467,13.242344284057618
36240,17395680,36,10.660445970000001,1.0584980130195618,0.0029501430690288544,34.34849734306336
36260,17405280,36,12.204545580000001,1.058486545085907,0.009063914883881807,18.456862759590148
36280,17414880,36,15.498180049999998,1.0588940262794495,-0.005148887913674116,27.32317751646042
36300,17424480,36,12.400433699999999,1.058032763004303,-0.0007813848555088043,33.449974060058594
36320,17434080,36,12.51374661,1.0583041310310364,-0.005277703702449799,36.948904800415036
36340,17443680,36,9.004962240000001,1.059390950202942,-0.000577709823846817,23.708786284923555
36360,17453280,36,8.18398735,1.059193742275238,-0.00900025861337781,24.855039501190184
36380,17462880,36,7.479068420000001,1.0595319151878357,0.003136169910430908,30.213397407531737
36400,17472480,36,11.2586157,1.0595837593078614,0.004728822410106659,20.48430986404419
36420,17482080,36,11.663482349999999,1.060230016708374,-0.01983092650771141,16.243848896026613
36440,17491680,36,8.61264284,1.0594171285629272,-0.0032202423783019183,20.88615713119507
36460,17501280,36,8.63267493,1.059238350391388,-0.005702026188373566,33.658797931671145
36480,17510880,36,7.21895452,1.0587591528892517,-0.004638384794816375,15.19167652130127
36500,17520480,36,6.124086209999999,1.0596050143241882,0.002778421575203538,22.425017738342284
36520,17530080,36,-0.26379671999999976,1.059110152721405,-0.008787120529450475,7.136444711685181
36540,17539680,36,4.344477159999999,1.0594756364822389,0.01582418419420719,26.288563823699953
36560,17549280,36,4.1301643200000004,1.058817732334137,0.004638822050765157,24.691987323760987
36580,17558880,36,10.443250739999998,1.0599416375160218,-0.0012309767305850982,25.534915447235107
36600,17568480,36,13.476301560000001,1.0592404365539552,-0.010510108596645296,7.601592302322388
36620,17578080,36,8.34768458,1.0587470173835754,-0.006879214942455292,11.246033930778504
36640,17587680,36,7.745278959999999,1.0577715396881104,0.0027695574797689916,22.115107154846193
36660,17597280,36,6.57914737,1.0588472962379456,-0.006773684546351433,21.196286249160767
36680,17606880,36,4.95654079,1.0588475346565247,0.03418347565457225,24.234498596191408
36700,17616480,36,12.109157489999998,1.0573023319244386,-0.0020500516518950464,27.943266916275025
36720,17626080,36,10.245883599999999,1.0573736429214478,0.000427970290184021,21.488051414489746
36740,17635680,36,15.624794929999998,1.0579141855239869,-0.0071817956864833835,15.929841709136962
36760,17645280,36,11.852644340000001,1.05854389667511,-0.005253257229924202,23.00452313423157
36780,17654880,36,8.56394596,1.0579118013381958,0.0008142217993736267,39.110302734375
36800,17664480,36,11.269068590000002,1.0580956578254699,0.0019019439816474915,10.66473617553711
36820,17674080,36,6.6409007099999995,1.0585273385047913,0.01258905865252018,25.08360004425049
36840,17683680,36,7.51376358,1.0573943972587585,-0.010564671456813812,9.226319909095764
36860,17693280,36,5.04201236,1.0576847434043883,0.0119794933591038,21.314584040641783
36880,17702880,36,9.78565201,1.057863426208496,0.0003102273680269718,25.415452194213866
36900,17712480,36,7.933292229999999,1.0584935903549195,0.0099777887808159,18.59044141769409
36920,17722080,36,10.6948433,1.057941460609436,-0.008756332099437714,10.936389398574828
36940,17731680,36,12.470606560000004,1.0578362345695496,-0.004407945647835731,11.107981967926026
36960,17741280,36,12.769154769999998,1.057806634902954,0.005407512933015823,20.640181493759155
36980,17750880,36,9.00720094,1.0580881595611573,0.0035952750593423845,19.178201913833618
37000,17760480,36,7.90945659,1.058006501197815,-0.009728958253981545,15.135909223556519
37020,17770080,36,5.95971162,1.0573529958724976,-0.003897291515022516,35.061755657196045
37040,17779680,36,10.33085514,1.05603768825531,-0.00029267258942127227,18.441946065425874
37060,17789280,36,9.94321089,1.0554632067680358,0.0028574094409123062,20.278541707992552
37080,17798880,36,12.65964015,1.0560035705566406,0.00043224580585956576,28.171781873703004
37100,17808480,36,13.50616303,1.0562300086021423,-0.007422343641519546,11.572567629814149
37120,17818080,36,7.191550900000001,1.0557825446128846,-0.004985483642667532,33.678754806518555
37140,17827680,36,6.77667079,1.0555456399917602,0.004503095149993896,30.392150592803954
37160,17837280,36,7.17466908,1.0556843042373658,-0.004334301687777042,31.17027416229248
37180,17846880,36,11.57009787,1.0556909441947937,-0.0034800786525011063,22.04650444984436
37200,17856480,36,12.386633860000002,1.0550378561019897,0.009887765208259226,39.32929611206055
37220,17866080,36,7.46992708,1.0552806496620177,-0.0010942019522190093,24.276256275177
37240,17875680,36,13.511809669999998,1.0546694993972778,0.011339241545647383,36.72952938079834
37260,17885280,36,11.263332589999997,1.0544877409934998,-0.0013518295716494321,16.967399883270264
37280,17894880,36,12.519621729999999,1.0540656089782714,-0.011680716538103297,17.955257511138917
37300,17904480,36,12.56485778,1.053066325187683,0.0013208404183387757,7.825893592834473
37320,17914080,36,10.771170540000004,1.0526462912559509,-0.0014447040855884552,11.74571144580841
37340,17923680,36,9.205212719999999,1.0517101764678956,0.0005487166345119476,11.502141904830932
37360,17933280,36,7.9242031,1.0517066955566405,-0.005976220313459635,34.26033725738525
37380,17942880,36,9.99985581,1.0524632453918457,-0.004653635621070862,28.262790179252626
37400,17952480,36,10.189965809999999,1.0529897093772889,-0.0039712533354759215,28.47066435813904
37420,17962080,36,8.822080410000002,1.0530824661254883,0.0010951869189739227,16.755577170848845
37440,17971680,36,9.692012600000004,1.0533553957939148,0.00017540864646434784,23.2359411239624
37460,17981280,36,11.517592460000001,1.0532100439071654,-0.0009391449391841888,15.215278482437133
37480,17990880,36,12.049561449999999,1.0533952116966248,-0.001955979876220226,23.73116865158081
37500,18000480,36,12.381849470000002,1.0521256089210511,-0.0043415166437625885,17.61979475021362
37520,18010080,36,12.532592779999998,1.052090334892273,-0.004422986507415771,14.88092120885849
37540,18019680,36,15.82371717,1.0501888632774352,0.004526492208242416,14.468807220458984
37560,18029280,36,8.856421930000002,1.0521601796150208,0.005631284415721893,28.239030170440675
37580,18038880,36,14.529724050000002,1.0526054620742797,-0.005512690171599388,15.5649094581604
37600,18048480,36,13.973642750000002,1.0529463171958924,-0.005915214121341705,16.98314473628998
37620,18058080,36,15.4156635,1.0534795641899108,-0.015465802699327468,7.316792705655098
37640,18067680,36,12.868309820000002,1.0537808537483215,-0.003554823994636536,31.39032163619995
37660,18077280,36,10.554987630000001,1.0533140540122985,0.0013936839997768403,11.197722339630127
37680,18086880,36,15.99847303,1.0525232195854186,-0.008855153620243073,7.3172704696655275
37700,18096480,36,12.813553960000002,1.0525959253311157,-0.007164555788040161,5.733293986320495
37720,18106080,36,12.75386123,1.052375853061676,0.007736214000033215,32.05927085876465
37740,18115680,36,13.7920859,1.0515333414077759,0.00022073350846767424,21.00110273361206
37760,18125280,36,13.004046540000001,1.052749466896057,0.015322476252913475,41.49993629455567
37780,18134880,36,13.10524745,1.0524931311607362,0.0018180772662162782,20.873610019683838
37800,18144480,36,13.356389290000003,1.0518452167510985,-0.006003075698390603,7.871353006362915
37820,18154080,36,12.116978139999997,1.0516406416893005,0.006630906835198402,30.102727270126344
37840,18163680,36,14.53989677,1.050964069366455,0.0028790256008505823,13.250245952606202
37860,18173280,36,13.86466314,1.0519757866859436,-0.009692568704485894,53.37478404045105
37880,18182880,36,11.91122513,1.0531574487686157,-0.0022424962371587753,24.057120704650877
37900,18192480,36,14.556201890000002,1.0533872365951538,-0.00986395317595452,12.656486058235169
37920,18202080,36,12.253983889999999,1.0529633164405823,-0.009644616395235062,7.742492014169693
37940,18211680,36,6.0575855899999995,1.0517315864562988,-6.30304217338562e-05,26.82488579750061
37960,18221280,36,14.194070759999999,1.052500855922699,0.012561163306236267,20.84583215713501
37980,18230880,36,8.56242887,1.0532899975776673,-0.0007071241736412049,37.95068273544312
38000,18240480,36,8.084629979999999,1.0542200446128844,0.01518445320543833,27.44317045211792
38020,18250080,36,8.50388732,1.0547293782234193,0.00036117108538746834,37.11976866722107
38040,18259680,36,12.794488370000002,1.0533063292503357,-0.00521521270275116,17.006366991996764
38060,18269280,36,8.547602810000003,1.0527794718742371,-0.01000708476640284,35.43374929428101
38080,18278880,36,9.368355759999998,1.0536207199096679,0.008283579349517822,42.88788843154907
38100,18288480,36,8.454455070000002,1.0530026316642762,-0.0020727365743368866,10.116790962219238
38120,18298080,36,9.75255913,1.053153157234192,0.0006852334365248681,43.01739330291748
38140,18307680,36,8.204947129999999,1.052955162525177,0.0025682159699499606,22.015049839019774
38160,18317280,36,13.91365835,1.0528361439704894,-0.004064903594553471,20.350828647613525
38180,18326880,36,10.02486669,1.0521802663803101,0.014810385555028916,29.093029975891113
38200,18336480,36,12.560872099999997,1.0500251531600953,0.00202510803937912,15.199177885055542
38220,18346080,36,10.535728079999998,1.0496357440948487,-0.005090267211198807,21.443364429473878
38240,18355680,36,14.445257669999998,1.0500970005989074,0.0024102503433823586,10.496208572387696
38260,18365280,36,16.4051179,1.0494365215301513,-0.006108450284227729,29.114806652069092
38280,18374880,36,13.76138917,1.0503068923950196,-0.003917544335126877,20.592619848251342
38300,18384480,36,14.785106090000001,1.0505772829055786,-0.0004468102008104324,24.928554034233095
38320,18394080,36,13.23556951,1.0515682816505432,-0.009676579479128122,25.301149368286133
38340,18403680,36,8.103346700000001,1.051671600341797,-0.004725598637014628,23.080652523040772
38360,18413280,36,7.7802216699999995,1.051418161392212,-0.004527970775961876,38.20361461639404
38380,18422880,36,9.868311079999998,1.0516421914100647,0.009741909056901931,29.406631565093996
38400,18432480,36,5.953775280000001,1.0518766045570374,-0.0037913475185632705,17.905622434616088
38420,18442080,36,8.5909508,1.0518049597740173,0.00940166759537533,41.388848876953126
38440,18451680,36,8.56062166,1.050808584690094,0.008233559131622315,39.40537242889404
38460,18461280,36,7.35420206,1.0517256259918213,-0.003202492743730545,29.667462253570555
38480,18470880,36,10.06540948,1.051848006248474,0.0013654140755534172,17.83913927078247
38500,18480480,36,10.2483578,1.052212119102478,0.010556435957551003,31.260024547576904
38520,18490080,36,11.898636699999999,1.052275788784027,-0.00896376445889473,16.782048368453978
38540,18499680,36,8.82280218,1.0532434582710266,-0.012623486807569861,5.937854969501496
38560,18509280,36,14.937186089999997,1.0517796635627747,0.004205029644072056,20.480240678787233
38580,18518880,36,14.844026750000001,1.052015233039856,-0.007137874141335487,16.610179471969605
38600,18528480,36,18.814964790000005,1.0521428346633912,-0.013482240214943885,27.321823930740358
38620,18538080,36,15.730196059999999,1.0522257447242738,-0.0035514259710907937,5.164990913867951
38640,18547680,36,11.616488310000001,1.0521608591079712,-0.00035253390669822695,22.202618074417114
38660,18557280,36,8.17007535,1.0537397980690002,-0.007410107553005219,8.334503495693207
38680,18566880,36,14.73664461,1.0532200813293457,0.0015870779752731323,17.67008979320526
38700,18576480,36,13.030791400000004,1.0528097987174987,0.012444197332206386,16.745081090927123
38720,18586080,36,16.76995291,1.0522843718528747,0.002302268147468567,13.670615220069886
38740,18595680,36,11.905721010000002,1.0525174736976624,0.02300310879945755,23.824984705448152
38760,18605280,36,9.80316676,1.0527182817459106,-0.0002978166565299034,13.926213335990905
38780,18614880,36,15.14321774,1.0525368452072144,-0.005982302688062191,6.773740243911743
38800,18624480,36,16.31082095,1.052894902229309,0.004309802874922752,21.959219646453857
38820,18634080,36,13.385926640000001,1.0507904767990113,-0.007046568673104048,4.5863677024841305
38840,18643680,36,10.611693650000001,1.0520509600639343,-0.00015542563050985336,23.818415069580077
38860,18653280,36,10.0771778,1.0512623906135559,-0.0031186789681669326,25.24846272468567
38880,18662880,36,9.449801339999999,1.0521238446235657,-0.004402943438617512,10.408147859573365
38900,18672480,36,9.358026220000001,1.053185498714447,-0.016503271460533143,17.64822187423706
38920,18682080,36,12.009172180000002,1.053423249721527,-0.007412346079945564,21.839440298080444
38940,18691680,36,8.94421235,1.0536785125732422,-0.004704452259466052,19.415493774414063
38960,18701280,36,10.10682675,1.0533055186271667,-0.0043989807367324826,20.329214453697205
38980,18710880,36,12.59594198,1.0537800550460816,-0.007845056836958974,1.6307303667068482
39000,18720480,36,8.97471433,1.0534558296203613,-0.00962548963725567,23.99044234752655
39020,18730080,36,11.639595810000001,1.0534345507621765,-0.018231711024418472,13.513742399215698
39040,18739680,36,10.909902539999997,1.053544569015503,0.004437551461160183,28.346462059020997
39060,18749280,36,10.405614439999999,1.053929376602173,-0.009373009949922562,8.41157681941986
39080,18758880,36,11.375244770000002,1.053849732875824,0.0027816295623779297,15.390387892723083
39100,18768480,36,13.762737199999998,1.052239966392517,-0.0005061574280261994,11.121472883224488
39120,18778080,36,6.020550019999999,1.0534999012947082,-0.0032415736000984906,25.657516098022462
39140,18787680,36,9.7329016,1.052667772769928,-0.0014475813135504723,31.606235885620116
39160,18797280,36,15.11118804,1.0533577799797058,-0.018977454304695128,11.964894556999207
39180,18806880,36,13.31356581,1.0538201928138733,-0.0028862981125712395,13.347274875640869
39200,18816480,36,11.344590630000003,1.0549144625663758,-0.005241110688075423,18.674138355255128
39220,18826080,36,11.700763559999999,1.0554075956344604,-0.002698033303022385,18.446949565410613
39240,18835680,36,14.758542340000002,1.0555373191833497,0.012139389291405678,18.840982842445374
39260,18845280,36,7.790960279999999,1.055909526348114,-0.004370244825258851,16.427105379104614
39280,18854880,36,5.786673089999999,1.0558659315109253,-0.009168685227632523,17.686469793319702
39300,18864480,36,5.805021490000001,1.0561071395874024,-0.000414397194981575,36.8487669467926
39320,18874080,36,6.415639220000002,1.0559325456619262,0.006009359261952341,17.19428539276123
39340,18883680,36,10.940250330000001,1.0560548067092896,-0.008401942998170852,7.937302994728088
39360,18893280,36,11.338569639999996,1.0559372782707215,-0.010386538878083228,8.026089477539063
39380,18902880,36,8.58243629,1.0554125308990479,-0.004863350093364716,22.211899852752687
39400,18912480,36,10.538249609999998,1.0556070923805236,-0.00196741484105587,15.436546039581298
39420,18922080,36,6.832698720000001,1.0548437237739563,-0.001848168671131134,20.662023496627807
39440,18931680,36,9.30490111,1.0541704058647157,0.0011496628168970347,4.632247710227967
39460,18941280,36,12.366939100000002,1.0528727173805237,-0.009799622744321824,12.937154483795165
39480,18950880,36,10.3225028,1.0519208431243896,0.008513136953115463,17.349686670303345
39500,18960480,36,15.39629694,1.0519980549812318,-0.00323411263525486,12.608176690340041
39520,18970080,36,16.45979872,1.0511032104492188,-0.0033180261962115765,21.488013744354248
39540,18979680,36,14.603563519999998,1.050962233543396,-0.008777138590812684,6.909239149093628
39560,18989280,36,9.10674425,1.0497395634651183,0.00501549718901515,39.59288501739502
39580,18998880,36,14.0961843,1.0493348479270934,0.002795355021953583,24.473972344398497
39600,19008480,36,16.914511710000003,1.0483366012573243,-0.0033708387054502964,3.0174210906028747
39620,19018080,36,15.83575995,1.0467675089836121,-0.0010923728346824645,7.920826160907746
39640,19027680,36,17.90815912,1.046383547782898,0.0009016684256494045,19.14950966835022
39660,19037280,36,15.955039989999998,1.0462429523468018,-0.005623938329517841,20.55896942615509
39680,19046880,36,14.53969568,1.0460387825965882,-0.00032303184270858764,8.393567717075348
39700,19056480,36,11.743601609999999,1.04594144821167,0.0018508382141590118,36.18411264419556
39720,19066080,36,10.540354869999998,1.0452709436416625,-0.006678242981433868,7.253653156757355
39740,19075680,36,15.387401119999998,1.0452308773994445,-0.0043865744024515155,12.924164724349975
39760,19085280,36,12.61872315,1.0454402089118957,-0.004782447125762701,3.778482496738434
39780,19094880,36,11.9274481,1.0458907723426818,0.016558584105223418,52.9553463935852
39800,19104480,36,8.69468586,1.0454673647880555,0.004134511202573776,9.955222368240356
39820,19114080,36,12.06284731,1.0439796924591065,-0.0038175489753484726,11.850105023384094
39840,19123680,36,8.205062689999998,1.0449214100837707,0.004252929985523224,10.989758586883545
39860,19133280,36,4.36887902,1.0453412532806396,0.01057272006291896,24.422545909881592
39880,19142880,36,4.6394068200000005,1.0455142855644226,-0.003959258645772934,14.427868103981018
39900,19152480,36,11.38661071,1.0465978264808655,-0.006589160487055779,8.497923064231873
39920,19162080,36,8.30705791,1.0461405396461487,-0.0028320599347352983,9.613145542144775
39940,19171680,36,10.285352110000002,1.046817696094513,-0.002525750547647476,33.05570411682129
39960,19181280,36,3.4364920400000005,1.0476234436035157,0.015841005463153125,30.386649322509765
39980,19190880,36,11.315845580000003,1.0478825211524962,8.488902822136878e-05,6.069079864025116
40000,19200480,36,10.03883039,1.0477315187454224,-0.001922653429210186,15.231003355979919
40020,19210080,36,8.86087494,1.0487221002578735,-0.005837005889043212,29.350964546203613
40040,19219680,36,8.519672519999999,1.049199914932251,-0.005971229844726622,22.774297308921813
40060,19229280,36,12.791339580000004,1.0489119172096253,-0.011815303564071655,11.396674525737762
40080,19238880,36,11.863585620000002,1.0490505814552307,0.013280738145112991,16.279223585128783
40100,19248480,36,6.666588370000002,1.048593246936798,-0.0020020566880702972,24.554519152641298
40120,19258080,36,7.07922676,1.047644019126892,-0.006394241936504841,30.549336433410645
40140,19267680,36,11.678877179999999,1.0471835255622863,0.012126193492440507,15.11914029121399
40160,19277280,36,7.441463359999999,1.0464725613594055,-0.004215696267783642,40.194346046447755
40180,19286880,36,4.238796089999999,1.046761691570282,0.005814678670139984,35.71112422943115
40200,19296480,36,6.5862552999999995,1.0469454288482667,0.01228556213900447,44.134260177612305
40220,19306080,36,7.328119670000001,1.0463500618934631,0.012085283361375331,20.102540016174316
40240,19315680,36,5.115202879999999,1.046677577495575,0.006167609430849552,8.30300793647766
40260,19325280,36,3.47487106,1.046683669090271,0.008117439784109592,22.134632682800294
40280,19334880,36,7.51842707,1.0466593980789185,0.000936291366815567,21.668618535995485
40300,19344480,36,4.153562480000001,1.0455432415008545,0.0003194630146026611,19.997028756141663
40320,19354080,36,5.889227430000001,1.0455691695213318,-0.003181959688663483,20.222165012359618
40340,19363680,36,5.973888529999999,1.0452543258666993,-0.01577816978096962,9.241704034805299
40360,19373280,36,9.36871298,1.0463902950286865,-0.004569748789072037,29.43614182472229
40380,19382880,36,13.36865403,1.0463426113128662,0.007999586686491967,14.72632293701172
40400,19392480,36,14.369929030000003,1.047072660923004,0.0038751237094402312,26.559161472320557
40420,19402080,36,10.508404319999997,1.049065852165222,-0.00011654198169708252,17.11183352470398
40440,19411680,36,4.865502060000001,1.0496819853782653,-0.009076703526079654,6.6938213348388675
40460,19421280,36,10.777516010000001,1.049479341506958,-0.004221223294734955,23.342937779426574
40480,19430880,36,14.112110329999998,1.0500186800956726,0.0010897673666477204,13.418852150440216
40500,19440480,36,10.494195699999999,1.051247501373291,-0.000724746659398079,13.091140222549438
40520,19450080,36,6.249124499999999,1.0519370079040526,0.004637917620129883,42.695907497406004
40540,19459680,36,6.690771689999999,1.0511934995651244,-0.0007782904431223869,17.783038234710695
40560,19469280,36,9.152740840000003,1.051967453956604,0.013436690019443632,15.3833411693573
40580,19478880,36,7.539967310000001,1.0516194105148315,0.004016411490738392,22.116404342651368
40600,19488480,36,7.59737519,1.0511810660362244,0.007578933238983154,17.338124561309815
40620,19498080,36,9.53198463,1.050255036354065,0.005542371282353997,25.131951808929443
40640,19507680,36,7.758681529999999,1.0504637360572815,0.004862493001564871,20.053158569335938
40660,19517280,36,7.92181189,1.0509146809577943,0.0027154646813869476,8.478677582740783
40680,19526880,36,4.64075768,1.0505429267883302,0.014998244727030397,22.184332370758057
40700,19536480,36,10.719511380000002,1.0500826954841613,0.004846867732703685,7.717695617675782
40720,19546080,36,8.39708194,1.0495624661445617,-0.004993652598932386,19.813207054138182
40740,19555680,36,9.72189531,1.0478164792060851,0.0020347736775875092,12.580980014801025
40760,19565280,36,8.90873105,1.0476085901260377,-0.00280119888484478,28.96278371810913
40780,19574880,36,9.89009329,1.046092700958252,0.0014143098145723344,20.369644546508788
40800,19584480,36,9.5078393,1.0443567395210267,0.0009949885308742524,20.204194927215575
40820,19594080,36,13.92055477,1.044531488418579,-0.005263442546129227,8.901410722732544
40840,19603680,36,9.497124059999999,1.044966721534729,-0.0031601116061210632,13.216397905349732
40860,19613280,36,12.82313921,1.0440672278404235,0.01206493228673935,17.779327726364137
40880,19622880,36,13.46505504,1.0428894281387329,-0.01081230528652668,9.011251544952392
40900,19632480,36,8.25245543,1.0433857440948486,-0.0047013186966069044,18.84858093261719
40920,19642080,36,12.45695346,1.0429696679115295,0.0021547922864556313,17.41114172935486
40940,19651680,36,8.983279419999999,1.0440680861473084,0.004606277076527476,15.856220418214798
40960,19661280,36,9.971136929999998,1.043715250492096,-0.0038904037326574327,36.27638320922851
40980,19670880,36,6.208649579999999,1.0445292711257934,-0.009677047282457352,23.904230928421022
41000,19680480,36,6.8195380199999995,1.04412442445755,-0.0056993203237652775,32.87163867950439
41020,19690080,36,10.226039759999999,1.0427451014518738,0.03370127249509096,49.36466751098633
41040,19699680,36,11.96617984,1.0421701312065124,-0.007449094392359257,3.874975347518921
41060,19709280,36,14.467996269999999,1.0411317348480225,-0.006940207164734602,12.568904829025268
41080,19718880,36,11.14949421,1.0409497976303101,-0.002776598557829857,3.738086724281311
41100,19728480,36,11.830663409999998,1.0413896560668945,-0.004292644560337067,23.80838966369629
41120,19738080,36,11.471167010000002,1.0399312138557435,-0.0003780864179134369,28.33948621749878
41140,19747680,36,5.866677850000001,1.0399002075195312,0.016335956752300262,37.01023721694946
41160,19757280,36,3.8561577,1.0396612524986266,-0.00567608693963848,25.08859176635742
41180,19766880,36,9.16662947,1.0388789892196655,0.018699909187853338,23.62298755645752
41200,19776480,36,7.267566340000001,1.0393740296363831,-0.0029336844570934774,23.28471441268921
41220,19786080,36,14.36767703,1.0386954545974731,-0.006573225744068623,21.005834674835206
41240,19795680,36,10.54190472,1.0385961532592773,0.007052037958055734,23.834509563446044
41260,19805280,36,11.50547631,1.0385191679000854,-0.004042873531579972,24.58567361831665
41280,19814880,36,7.50772221,1.0401436805725097,0.01562904049642384,20.675634765625
41300,19824480,36,8.19324043,1.0406342625617981,0.006141776056028903,27.05118598937988
41320,19834080,36,5.4930217599999995,1.040354347229004,0.004527275636792183,44.30508613586426
41340,19843680,36,4.201190719999999,1.040459394454956,0.010284563805907965,15.030915069580079
41360,19853280,36,6.732997059999998,1.039884102344513,0.004685008525848388,11.73235228061676
41380,19862880,36,8.414707100000001,1.0396075248718262,-0.0002560000866651535,13.947560882568359
41400,19872480,36,8.94398909,1.0394516110420227,-0.006693359743803739,13.642322540283203
41420,19882080,36,3.3325135699999997,1.0394555449485778,0.0012675069272518158,22.783640003204347
41440,19891680,36,9.86809974,1.0398417115211487,-0.0019566841423511506,26.584664219617842
41460,19901280,36,12.82080358,1.037247407436371,-0.00955100655555725,12.981884765625
41480,19910880,36,10.085770430000002,1.036711084842682,0.006253594905138016,14.556924057006835
41500,19920480,36,14.537790699999999,1.0366039872169495,-0.0115541260689497,6.762627595663071
41520,19930080,36,7.466588010000001,1.036727213859558,-0.0073372066719457505,22.219962561130522
41540,19939680,36,10.222538720000001,1.0369494676589965,-7.620128453709186e-05,5.300814998149872
41560,19949280,36,12.200756649999999,1.0375457406044006,-0.006044894456863403,3.7206944704055784
41580,19958880,36,8.19482369,1.0378740787506104,-0.0019373662769794464,32.80070743560791
41600,19968480,36,11.41339982,1.037730610370636,-0.005951356049627066,21.36956434249878
41620,19978080,36,11.593942450000002,1.0380854845046996,0.011871682107448578,18.510494971275328
41640,19987680,36,14.153994419999998,1.0383085370063783,-0.019576672837138175,14.016016721725464
41660,19997280,36,11.742043820000001,1.0382823467254638,0.0034491434693336488,10.632107889652252
